month,vader_mean,post_count,positive_pct,negative_pct,roberta_mean,roberta_positive_pct,roberta_negative_pct
2008-10-01,-0.25,1,0.0,100.0,0.0,0.0,0.0
2009-01-01,0.7906,1,100.0,0.0,-1.0,0.0,100.0
2009-11-01,0.0,1,0.0,0.0,0.0,0.0,0.0
2010-01-01,0.8183,2,100.0,0.0,0.0,0.0,0.0
2010-02-01,0.0,1,0.0,0.0,0.0,0.0,0.0
2010-03-01,0.5719,1,100.0,0.0,1.0,100.0,0.0
2010-04-01,0.0,2,0.0,0.0,0.0,0.0,0.0
2010-05-01,0.802,1,100.0,0.0,0.0,0.0,0.0
2010-06-01,0.1774,4,25.0,0.0,0.25,25.0,0.0
2010-07-01,0.35,2,100.0,0.0,0.0,0.0,0.0
2010-08-01,-0.5267,1,0.0,100.0,-1.0,0.0,100.0
2010-09-01,0.0,2,0.0,0.0,0.5,50.0,0.0
2010-10-01,-0.31245,2,0.0,50.0,-1.0,0.0,100.0
2010-11-01,0.7669,1,100.0,0.0,0.0,0.0,0.0
2011-02-01,-0.2732,1,0.0,100.0,0.0,0.0,0.0
2011-04-01,0.7506,1,100.0,0.0,1.0,100.0,0.0
2011-06-01,0.0,2,0.0,0.0,0.5,50.0,0.0
2011-07-01,0.0,1,0.0,0.0,0.0,0.0,0.0
2011-11-01,0.0,1,0.0,0.0,0.0,0.0,0.0
2012-01-01,0.42225,2,50.0,0.0,-0.5,0.0,50.0
2012-03-01,0.296,1,100.0,0.0,0.0,0.0,0.0
2012-04-01,0.0,1,0.0,0.0,0.0,0.0,0.0
2012-07-01,0.0,1,0.0,0.0,0.0,0.0,0.0
2012-08-01,0.1779,1,100.0,0.0,0.0,0.0,0.0
2012-09-01,-0.7036,1,0.0,100.0,-1.0,0.0,100.0
2012-11-01,0.0486,2,50.0,0.0,0.0,0.0,0.0
2012-12-01,0.4404,1,100.0,0.0,0.0,0.0,0.0
2013-02-01,0.0,1,0.0,0.0,0.0,0.0,0.0
2013-03-01,0.48535,2,50.0,0.0,0.0,0.0,0.0
2013-07-01,0.2023,1,100.0,0.0,0.0,0.0,0.0
2013-08-01,0.5719,1,100.0,0.0,0.0,0.0,0.0
2013-09-01,0.0,1,0.0,0.0,0.0,0.0,0.0
2013-11-01,0.86895,2,100.0,0.0,0.0,0.0,0.0
2013-12-01,0.0,1,0.0,0.0,0.0,0.0,0.0
2014-01-01,0.998,1,100.0,0.0,0.0,0.0,0.0
2014-02-01,-0.5574,1,0.0,100.0,-1.0,0.0,100.0
2014-03-01,0.9972,1,100.0,0.0,0.0,0.0,0.0
2014-04-01,0.8313,1,100.0,0.0,0.0,0.0,0.0
2014-05-01,0.0,1,0.0,0.0,0.0,0.0,0.0
2014-06-01,-0.5423,1,0.0,100.0,-1.0,0.0,100.0
2014-07-01,0.0048666666666666485,3,33.33333333333333,33.33333333333333,-0.3333333333333333,0.0,33.33333333333333
2014-11-01,-0.7783,1,0.0,100.0,-1.0,0.0,100.0
2014-12-01,0.10830000000000001,2,50.0,50.0,-0.5,0.0,50.0
2015-01-01,0.5719,1,100.0,0.0,1.0,100.0,0.0
2015-03-01,0.8299,1,100.0,0.0,0.0,0.0,0.0
2015-04-01,0.0,1,0.0,0.0,0.0,0.0,0.0
2015-05-01,0.9266,1,100.0,0.0,0.0,0.0,0.0
2015-08-01,-0.084,2,0.0,50.0,0.0,0.0,0.0
2015-09-01,0.26385,2,50.0,50.0,0.0,0.0,0.0
2015-11-01,0.4417,2,50.0,0.0,0.5,50.0,0.0
2016-01-01,0.4612,2,50.0,0.0,0.0,0.0,0.0
2016-03-01,0.17020000000000002,3,33.33333333333333,0.0,0.0,0.0,0.0
2016-04-01,0.8685499999999999,2,100.0,0.0,0.5,50.0,0.0
2016-05-01,-0.1591,2,0.0,50.0,0.0,0.0,0.0
2016-06-01,0.9872,1,100.0,0.0,0.0,0.0,0.0
2016-08-01,0.9842,1,100.0,0.0,-1.0,0.0,100.0
2016-11-01,0.0,3,0.0,0.0,0.0,0.0,0.0
2016-12-01,0.9557,1,100.0,0.0,0.0,0.0,0.0
2017-02-01,0.487975,4,50.0,0.0,0.0,0.0,0.0
2017-03-01,0.10604999999999998,2,50.0,50.0,-0.5,0.0,50.0
2017-04-01,0.0,1,0.0,0.0,0.0,0.0,0.0
2017-06-01,0.7547,2,100.0,0.0,0.0,0.0,0.0
2017-07-01,0.9959,1,100.0,0.0,1.0,100.0,0.0
2017-08-01,0.0,1,0.0,0.0,0.0,0.0,0.0
2017-09-01,0.07543333333333334,3,33.33333333333333,0.0,0.0,0.0,0.0
2017-10-01,0.13565,2,50.0,50.0,0.0,0.0,0.0
2017-11-01,0.0,2,0.0,0.0,-0.5,0.0,50.0
2017-12-01,0.7083,1,100.0,0.0,0.0,0.0,0.0
2018-01-01,0.9983,1,100.0,0.0,0.0,0.0,0.0
2018-03-01,0.14452500000000001,4,25.0,25.0,-0.25,0.0,25.0
2018-04-01,-0.5423,1,0.0,100.0,-1.0,0.0,100.0
2018-05-01,-0.25943333333333335,3,0.0,33.33333333333333,0.0,0.0,0.0
2018-06-01,0.0,2,0.0,0.0,0.0,0.0,0.0
2018-07-01,0.20893333333333333,3,33.33333333333333,0.0,0.3333333333333333,33.33333333333333,0.0
2018-08-01,0.6273666666666666,3,100.0,0.0,0.0,0.0,0.0
2018-09-01,0.9702,1,100.0,0.0,1.0,100.0,0.0
2018-11-01,0.85095,2,100.0,0.0,0.0,0.0,0.0
2018-12-01,0.4857,1,100.0,0.0,1.0,100.0,0.0
2019-01-01,0.4696,2,100.0,0.0,0.5,50.0,0.0
2019-02-01,-0.17093333333333335,3,33.33333333333333,66.66666666666666,-0.3333333333333333,0.0,33.33333333333333
2019-03-01,0.5645333333333333,3,66.66666666666666,0.0,0.0,0.0,0.0
2019-04-01,0.9419,1,100.0,0.0,0.0,0.0,0.0
2019-05-01,-0.4404,1,0.0,100.0,0.0,0.0,0.0
2019-06-01,0.71055,2,100.0,0.0,0.0,0.0,0.0
2019-07-01,0.73275,2,100.0,0.0,1.0,100.0,0.0
2019-08-01,0.23373333333333335,3,66.66666666666666,0.0,0.0,0.0,0.0
2019-10-01,0.07784999999999997,2,50.0,50.0,0.0,0.0,0.0
2019-11-01,0.6520666666666667,3,66.66666666666666,0.0,0.0,0.0,0.0
2019-12-01,0.9792,1,100.0,0.0,0.0,0.0,0.0
2020-02-01,0.577775,4,75.0,0.0,-0.25,0.0,25.0
2020-03-01,0.4774,3,66.66666666666666,0.0,0.0,0.0,0.0
2020-04-01,0.6545000000000001,2,100.0,0.0,0.0,0.0,0.0
2020-05-01,-0.06660000000000002,2,50.0,50.0,0.0,0.0,0.0
2020-06-01,0.00820000000000004,2,50.0,50.0,0.0,50.0,50.0
2020-07-01,0.27763333333333334,3,66.66666666666666,0.0,-0.3333333333333333,0.0,33.33333333333333
2020-08-01,0.2856166666666667,6,50.0,16.666666666666664,0.16666666666666666,16.666666666666664,0.0
2020-09-01,0.8243,2,100.0,0.0,0.0,0.0,0.0
2020-10-01,0.44115000000000004,2,100.0,0.0,1.0,100.0,0.0
2020-11-01,0.5474,6,66.66666666666666,0.0,0.3333333333333333,33.33333333333333,0.0
2020-12-01,0.6026666666666667,3,100.0,0.0,0.0,0.0,0.0
2021-01-01,0.66164,5,80.0,20.0,0.0,0.0,0.0
2021-02-01,0.7548,4,100.0,0.0,0.25,25.0,0.0
2021-03-01,0.87615,4,100.0,0.0,0.5,50.0,0.0
2021-04-01,0.7096,1,100.0,0.0,0.0,0.0,0.0
2021-05-01,-0.37649999999999995,2,0.0,100.0,0.0,0.0,0.0
2021-06-01,-0.8442,1,0.0,100.0,0.0,0.0,0.0
2021-07-01,0.7777,1,100.0,0.0,0.0,0.0,0.0
2021-08-01,0.37545,4,50.0,0.0,0.0,0.0,0.0
2021-09-01,0.7276333333333334,3,100.0,0.0,0.3333333333333333,33.33333333333333,0.0
2021-10-01,0.53085,2,100.0,0.0,0.0,0.0,0.0
2021-11-01,0.9681,2,100.0,0.0,0.5,50.0,0.0
2021-12-01,0.21406666666666666,6,83.33333333333334,16.666666666666664,-0.16666666666666666,0.0,16.666666666666664
2022-01-01,0.19981428571428575,7,57.14285714285714,28.57142857142857,-0.14285714285714285,0.0,14.285714285714285
2022-02-01,0.5563333333333333,3,100.0,0.0,-0.3333333333333333,0.0,33.33333333333333
2022-03-01,0.9942,1,100.0,0.0,0.0,0.0,0.0
2022-05-01,0.7195,6,100.0,0.0,0.16666666666666666,16.666666666666664,0.0
2022-06-01,0.9309,3,100.0,0.0,0.3333333333333333,33.33333333333333,0.0
2022-07-01,-0.20095,2,0.0,50.0,0.0,0.0,0.0
2022-08-01,-0.28323333333333334,3,33.33333333333333,66.66666666666666,0.0,33.33333333333333,33.33333333333333
2022-09-01,0.76646,5,80.0,0.0,0.0,0.0,0.0
2022-10-01,0.38065,2,50.0,0.0,0.0,0.0,0.0
2022-11-01,0.472,2,50.0,0.0,0.0,0.0,0.0
2022-12-01,0.40545,4,75.0,0.0,0.0,25.0,25.0
2023-01-01,-0.09986999999999999,10,20.0,50.0,-0.2,10.0,30.0
2023-02-01,0.25475384615384616,13,53.84615384615385,23.076923076923077,-0.23076923076923078,0.0,23.076923076923077
2023-03-01,0.5070384615384615,13,84.61538461538461,0.0,0.07692307692307693,15.384615384615385,7.6923076923076925
2023-04-01,0.3249470588235294,17,52.94117647058824,17.647058823529413,0.17647058823529413,17.647058823529413,0.0
2023-05-01,0.36419375,16,62.5,18.75,0.0,18.75,18.75
2023-06-01,0.6292777777777778,9,77.77777777777779,0.0,-0.2222222222222222,11.11111111111111,33.33333333333333
2023-07-01,0.47879999999999995,9,77.77777777777779,0.0,-0.1111111111111111,0.0,11.11111111111111
2023-08-01,0.30910000000000004,5,60.0,20.0,-0.2,20.0,40.0
2023-09-01,0.29375,2,100.0,0.0,0.0,0.0,0.0
2023-10-01,0.34028749999999997,8,62.5,12.5,-0.125,12.5,25.0
2023-11-01,0.3312777777777778,9,66.66666666666666,33.33333333333333,-0.4444444444444444,11.11111111111111,55.55555555555556
2023-12-01,0.58105,8,75.0,12.5,-0.25,12.5,37.5
2024-01-01,0.5659166666666666,6,83.33333333333334,0.0,0.0,0.0,0.0
2024-02-01,0.5557399999999999,10,80.0,10.0,0.1,20.0,10.0
2024-03-01,0.46263999999999994,5,100.0,0.0,-0.2,0.0,20.0
2024-04-01,0.4514,3,66.66666666666666,33.33333333333333,0.0,33.33333333333333,33.33333333333333
2024-05-01,0.6839333333333334,3,100.0,0.0,0.0,0.0,0.0
2024-06-01,-0.09584999999999999,2,50.0,50.0,-0.5,0.0,50.0
2024-07-01,0.0,2,0.0,0.0,0.0,0.0,0.0
2024-08-01,-0.14933333333333335,3,33.33333333333333,33.33333333333333,-0.3333333333333333,0.0,33.33333333333333
2024-09-01,0.15977999999999998,5,40.0,20.0,0.0,0.0,0.0
2024-10-01,0.014228571428571432,7,28.57142857142857,42.857142857142854,0.0,14.285714285714285,14.285714285714285
2024-11-01,0.06239999999999998,2,50.0,50.0,0.0,0.0,0.0
2024-12-01,0.1522,12,33.33333333333333,16.666666666666664,0.0,16.666666666666664,16.666666666666664
2025-01-01,0.22115555555555552,9,55.55555555555556,22.22222222222222,-0.1111111111111111,0.0,11.11111111111111
2025-02-01,0.45769000000000004,10,70.0,10.0,0.3,50.0,20.0
2025-03-01,-0.13963333333333336,9,22.22222222222222,55.55555555555556,-0.6666666666666666,0.0,66.66666666666666
2025-04-01,-0.10048333333333336,6,50.0,50.0,-0.3333333333333333,0.0,33.33333333333333
2025-05-01,0.22917857142857143,14,50.0,21.428571428571427,-0.07142857142857142,21.428571428571427,28.57142857142857
2025-06-01,0.34935,12,66.66666666666666,16.666666666666664,-0.08333333333333333,25.0,33.33333333333333
2025-07-01,0.29542857142857143,7,71.42857142857143,28.57142857142857,-0.2857142857142857,14.285714285714285,42.857142857142854
2025-08-01,0.3029041666666667,24,58.333333333333336,20.833333333333336,-0.20833333333333334,12.5,33.33333333333333
2025-09-01,-0.0885529411764706,17,47.05882352941176,35.294117647058826,-0.4117647058823529,5.88235294117647,47.05882352941176
2025-10-01,0.07627727272727272,22,36.36363636363637,27.27272727272727,-0.09090909090909091,18.181818181818183,27.27272727272727
2025-11-01,0.15272857142857144,21,47.61904761904761,28.57142857142857,-0.2857142857142857,4.761904761904762,33.33333333333333
2025-12-01,0.18489999999999998,35,48.57142857142857,28.57142857142857,-0.4,5.714285714285714,45.714285714285715
2026-01-01,0.18934333333333334,30,50.0,23.333333333333332,-0.23333333333333334,6.666666666666667,30.0
2026-02-01,0.050151515151515155,33,51.515151515151516,33.33333333333333,-0.24242424242424243,6.0606060606060606,30.303030303030305
