timestamp,views
2015-07-01,243497551
2015-07-02,241866978
2015-07-03,226919786
2015-07-04,226583272
2015-07-05,240912348
2015-07-06,269069794
2015-07-07,258154609
2015-07-08,251655648
2015-07-09,247520462
2015-07-10,243476493
2015-07-11,230702775
2015-07-12,252692016
2015-07-13,261379918
2015-07-14,260845547
2015-07-15,251635024
2015-07-16,246994967
2015-07-17,234952802
2015-07-18,227727080
2015-07-19,244964019
2015-07-20,259802781
2015-07-21,252873968
2015-07-22,249171981
2015-07-23,249719091
2015-07-24,242932359
2015-07-25,235267986
2015-07-26,248140851
2015-07-27,258529123
2015-07-28,258683054
2015-07-29,264336559
2015-07-30,246860213
2015-07-31,237552925
2015-08-01,226800870
2015-08-02,239656517
2015-08-03,228375350
2015-08-04,250010790
2015-08-05,249349340
2015-08-06,246613997
2015-08-07,246034293
2015-08-08,231022687
2015-08-09,248951046
2015-08-10,247047000
2015-08-11,253841323
2015-08-12,249387622
2015-08-13,247062254
2015-08-14,240888656
2015-08-15,230497886
2015-08-16,250034184
2015-08-17,261042938
2015-08-18,256559156
2015-08-19,252688334
2015-08-20,249434064
2015-08-21,242479338
2015-08-22,230811252
2015-08-23,252886340
2015-08-24,261039667
2015-08-25,258761786
2015-08-26,254101370
2015-08-27,245831137
2015-08-28,240464889
2015-08-29,230416295
2015-08-30,247881805
2015-08-31,264843035
2015-09-01,252926303
2015-09-02,256337644
2015-09-03,259181927
2015-09-04,246656953
2015-09-05,240140754
2015-09-06,261547228
2015-09-07,280607166
2015-09-08,292600143
2015-09-09,267391872
2015-09-10,255912725
2015-09-11,258604993
2015-09-12,247387657
2015-09-13,267025866
2015-09-14,272400818
2015-09-15,269106706
2015-09-16,247869373
2015-09-17,251305605
2015-09-18,238067221
2015-09-19,228698100
2015-09-20,253655851
2015-09-21,266806347
2015-09-22,256616975
2015-09-23,254380575
2015-09-24,248737740
2015-09-25,239108699
2015-09-26,224282227
2015-09-27,245736719
2015-09-28,264016747
2015-09-29,256642184
2015-09-30,251941919
2015-10-01,238845634
2015-10-02,234121441
2015-10-03,221478394
2015-10-04,244396567
2015-10-05,259720123
2015-10-06,262502284
2015-10-07,261144512
2015-10-08,253684153
2015-10-09,240085034
2015-10-10,228090660
2015-10-11,244687728
2015-10-12,265428342
2015-10-13,265408182
2015-10-14,262880270
2015-10-15,253972086
2015-10-16,238920598
2015-10-17,226143828
2015-10-18,249614981
2015-10-19,266948319
2015-10-20,268204292
2015-10-21,259478470
2015-10-22,258182519
2015-10-23,248363326
2015-10-24,230870391
2015-10-25,251712929
2015-10-26,264693228
2015-10-27,263104847
2015-10-28,257566202
2015-10-29,254951606
2015-10-30,242440748
2015-10-31,228390193
2015-11-01,244925316
2015-11-02,266333615
2015-11-03,257036022
2015-11-04,258720015
2015-11-05,259982859
2015-11-06,245378536
2015-11-07,230285363
2015-11-08,252451540
2015-11-09,269146272
2015-11-10,260477670
2015-11-11,253035102
2015-11-12,254436694
2015-11-13,237123478
2015-11-14,227440576
2015-11-15,252710366
2015-11-16,264104145
2015-11-17,261775991
2015-11-18,258249617
2015-11-19,254057860
2015-11-20,241774193
2015-11-21,229454848
2015-11-22,250837316
2015-11-23,262154748
2015-11-24,256203864
2015-11-25,244123520
2015-11-26,239140879
2015-11-27,231815803
2015-11-28,237243517
2015-11-29,255125293
2015-11-30,268776272
2015-12-01,259656743
2015-12-02,256846437
2015-12-03,250181767
2015-12-04,243147022
2015-12-05,226949236
2015-12-06,250874359
2015-12-07,271463314
2015-12-08,265208583
2015-12-09,260830080
2015-12-10,252273451
2015-12-11,246507757
2015-12-12,230084048
2015-12-13,253019372
2015-12-14,267244443
2015-12-15,252637187
2015-12-16,245121409
2015-12-17,239877908
2015-12-18,225118505
2015-12-19,214182461
2015-12-20,229191823
2015-12-21,242870461
2015-12-22,233938580
2015-12-23,222171594
2015-12-24,207005981
2015-12-25,202844977
2015-12-26,224566991
2015-12-27,234846351
2015-12-28,248578302
2015-12-29,248974194
2015-12-30,244020967
2015-12-31,226053041
2016-01-01,234271982
2016-01-02,258962263
2016-01-03,265276913
2016-01-04,269330004
2016-01-05,263841110
2016-01-06,262656618
2016-01-07,260283606
2016-01-08,252844185
2016-01-09,245587830
2016-01-10,267691389
2016-01-11,296901690
2016-01-12,272247505
2016-01-13,264684802
2016-01-14,265062630
2016-01-15,252608966
2016-01-16,244441245
2016-01-17,265446747
2016-01-18,276171426
2016-01-19,275603217
2016-01-20,265544825
2016-01-21,263782691
2016-01-22,258477861
2016-01-23,248002891
2016-01-24,271086304
2016-01-25,281303675
2016-01-26,271010141
2016-01-27,268653701
2016-01-28,262267936
2016-01-29,253457572
2016-01-30,244539875
2016-01-31,271974703
2016-02-01,280811736
2016-02-02,270619588
2016-02-03,268496546
2016-02-04,262282329
2016-02-05,253827747
2016-02-06,239135560
2016-02-07,262201340
2016-02-08,280618979
2016-02-09,263616192
2016-02-10,262371873
2016-02-11,254138725
2016-02-12,248027716
2016-02-13,239473862
2016-02-14,257933079
2016-02-15,273788427
2016-02-16,278932636
2016-02-17,265903269
2016-02-18,259079641
2016-02-19,252201780
2016-02-20,241983564
2016-02-21,265840183
2016-02-22,281053185
2016-02-23,267725274
2016-02-24,262386296
2016-02-25,260980282
2016-02-26,245263726
2016-02-27,234556490
2016-02-28,258673995
2016-02-29,293935437
2016-03-01,266638867
2016-03-02,263293471
2016-03-03,263178571
2016-03-04,251138775
2016-03-05,241721072
2016-03-06,260785666
2016-03-07,271285555
2016-03-08,258425104
2016-03-09,257578657
2016-03-10,250068872
2016-03-11,239428505
2016-03-12,227847654
2016-03-13,248057656
2016-03-14,261924323
2016-03-15,249843398
2016-03-16,251223493
2016-03-17,247638705
2016-03-18,231929284
2016-03-19,220542415
2016-03-20,240502350
2016-03-21,252763129
2016-03-22,240114325
2016-03-23,236637085
2016-03-24,233711775
2016-03-25,232185561
2016-03-26,227308696
2016-03-27,242242368
2016-03-28,261401980
2016-03-29,255384415
2016-03-30,247465256
2016-03-31,241007634
2016-04-01,231895897
2016-04-02,226095951
2016-04-03,246612722
2016-04-04,261353883
2016-04-05,255371954
2016-04-06,256999315
2016-04-07,250006184
2016-04-08,240780622
2016-04-09,230952517
2016-04-10,251342861
2016-04-11,262527959
2016-04-12,256188251
2016-04-13,253213753
2016-04-14,250288090
2016-04-15,237333229
2016-04-16,223588274
2016-04-17,241987790
2016-04-18,256349699
2016-04-19,252334836
2016-04-20,250852464
2016-04-21,260133337
2016-04-22,249076207
2016-04-23,232323811
2016-04-24,251566158
2016-04-25,261988295
2016-04-26,255178452
2016-04-27,251675502
2016-04-28,252253918
2016-04-29,235333155
2016-04-30,222542773
2016-05-01,241391608
2016-05-02,260890463
2016-05-03,254610194
2016-05-04,247941140
2016-05-05,242905182
2016-05-06,236336998
2016-05-07,223246032
2016-05-08,242158949
2016-05-09,260607274
2016-05-10,255842683
2016-05-11,247444574
2016-05-12,244961105
2016-05-13,234082081
2016-05-14,225479744
2016-05-15,247165065
2016-05-16,259369171
2016-05-17,254733024
2016-05-18,254614683
2016-05-19,248668568
2016-05-20,236046676
2016-05-21,234167547
2016-05-22,246007304
2016-05-23,261501272
2016-05-24,251787588
2016-05-25,244033524
2016-05-26,240865723
2016-05-27,228592262
2016-05-28,219739986
2016-05-29,235891576
2016-05-30,252463692
2016-05-31,253265642
2016-06-01,248901189
2016-06-02,241185957
2016-06-03,234048378
2016-06-04,228626696
2016-06-05,246702328
2016-06-06,254017496
2016-06-07,246797333
2016-06-08,242504016
2016-06-09,238571379
2016-06-10,232617890
2016-06-11,227269657
2016-06-12,244813008
2016-06-13,258159156
2016-06-14,254079280
2016-06-15,246888728
2016-06-16,241274155
2016-06-17,229181666
2016-06-18,221183237
2016-06-19,239549663
2016-06-20,256234564
2016-06-21,243966805
2016-06-22,242748001
2016-06-23,240622474
2016-06-24,231356506
2016-06-25,224818865
2016-06-26,242498627
2016-06-27,252711895
2016-06-28,249446880
2016-06-29,242849368
2016-06-30,240005459
2016-07-01,241804741
2016-07-02,224794485
2016-07-03,237266890
2016-07-04,249996817
2016-07-05,250445583
2016-07-06,252155601
2016-07-07,238585409
2016-07-08,225932995
2016-07-09,224300692
2016-07-10,245752393
2016-07-11,254683088
2016-07-12,243881621
2016-07-13,238997287
2016-07-14,236068499
2016-07-15,227662280
2016-07-16,217292237
2016-07-17,235660595
2016-07-18,246973419
2016-07-19,245179753
2016-07-20,253902565
2016-07-21,265557325
2016-07-22,269109396
2016-07-23,261027786
2016-07-24,281328293
2016-07-25,291335371
2016-07-26,293394875
2016-07-27,285127976
2016-07-28,280465494
2016-07-29,269934559
2016-07-30,262754852
2016-07-31,283066712
2016-08-01,292881747
2016-08-02,286258855
2016-08-03,271128871
2016-08-04,262188893
2016-08-05,259826779
2016-08-06,261281980
2016-08-07,273717513
2016-08-08,292929547
2016-08-09,284956360
2016-08-10,287278721
2016-08-11,280354188
2016-08-12,273926218
2016-08-13,265195926
2016-08-14,281323235
2016-08-15,294542405
2016-08-16,278581691
2016-08-17,245208844
2016-08-18,241404262
2016-08-19,237081349
2016-08-20,230071220
2016-08-21,258757502
2016-08-22,269855610
2016-08-23,259103984
2016-08-24,254312565
2016-08-25,249185469
2016-08-26,239779709
2016-08-27,232894562
2016-08-28,252621204
2016-08-29,272145406
2016-08-30,264555564
2016-08-31,257515340
2016-09-01,246228881
2016-09-02,240052151
2016-09-03,232693094
2016-09-04,247890219
2016-09-05,260598537
2016-09-06,260128965
2016-09-07,250861869
2016-09-08,248972700
2016-09-09,240127421
2016-09-10,239570081
2016-09-11,257068888
2016-09-12,261070789
2016-09-13,264395680
2016-09-14,256093867
2016-09-15,257501567
2016-09-16,236661946
2016-09-17,231399992
2016-09-18,255970775
2016-09-19,272319435
2016-09-20,259812357
2016-09-21,257708299
2016-09-22,263129254
2016-09-23,246006088
2016-09-24,229090708
2016-09-25,249305106
2016-09-26,266939174
2016-09-27,253433321
2016-09-28,256484106
2016-09-29,251464707
2016-09-30,235312302
2016-10-01,230026797
2016-10-02,251724281
2016-10-03,266148371
2016-10-04,262061405
2016-10-05,262692798
2016-10-06,261477215
2016-10-07,239559729
2016-10-08,233470530
2016-10-09,255867067
2016-10-10,261515473
2016-10-11,258666727
2016-10-12,260830090
2016-10-13,260654640
2016-10-14,247316781
2016-10-15,240077584
2016-10-16,260776650
2016-10-17,274322059
2016-10-18,268054358
2016-10-19,262441534
2016-10-20,255898226
2016-10-21,246409757
2016-10-22,234711255
2016-10-23,255354029
2016-10-24,271076811
2016-10-25,262744058
2016-10-26,255736117
2016-10-27,253613969
2016-10-28,235688281
2016-10-29,226475807
2016-10-30,251087997
2016-10-31,264541185
2016-11-01,259117309
2016-11-02,265813382
2016-11-03,269852547
2016-11-04,255121069
2016-11-05,247660614
2016-11-06,268353857
2016-11-07,278864476
2016-11-08,273132227
2016-11-09,279444029
2016-11-10,271600847
2016-11-11,262508529
2016-11-12,254356686
2016-11-13,278391044
2016-11-14,291636754
2016-11-15,277129053
2016-11-16,272426765
2016-11-17,267608136
2016-11-18,259068177
2016-11-19,242531701
2016-11-20,264779026
2016-11-21,279770756
2016-11-22,270293795
2016-11-23,256154339
2016-11-24,245500375
2016-11-25,239235781
2016-11-26,252501479
2016-11-27,272899758
2016-11-28,278382646
2016-11-29,279781689
2016-11-30,269196315
2016-12-01,260066385
2016-12-02,250255961
2016-12-03,249758497
2016-12-04,269615790
2016-12-05,279924300
2016-12-06,277206514
2016-12-07,271690225
2016-12-08,268541544
2016-12-09,253639103
2016-12-10,242696541
2016-12-11,261336032
2016-12-12,273023570
2016-12-13,262975748
2016-12-14,262107670
2016-12-15,249227553
2016-12-16,234612388
2016-12-17,228264373
2016-12-18,259846401
2016-12-19,273998881
2016-12-20,262946920
2016-12-21,255436930
2016-12-22,246234247
2016-12-23,230865393
2016-12-24,234194501
2016-12-25,237753889
2016-12-26,260389339
2016-12-27,274080180
2016-12-28,274697955
2016-12-29,281605235
2016-12-30,258525316
2016-12-31,240635052
2017-01-01,257199090
2017-01-02,289715316
2017-01-03,287019962
2017-01-04,278697244
2017-01-05,279026471
2017-01-06,270693165
2017-01-07,272476847
2017-01-08,289987187
2017-01-09,297811078
2017-01-10,282557196
2017-01-11,278248095
2017-01-12,276128823
2017-01-13,273968564
2017-01-14,269994437
2017-01-15,289171105
2017-01-16,299618845
2017-01-17,291774842
2017-01-18,282653106
2017-01-19,281094198
2017-01-20,273712611
2017-01-21,264983691
2017-01-22,292964407
2017-01-23,299450744
2017-01-24,286912309
2017-01-25,282298672
2017-01-26,289850617
2017-01-27,268555471
2017-01-28,271016458
2017-01-29,291350555
2017-01-30,299500828
2017-01-31,285510006
2017-02-01,279977117
2017-02-02,272267741
2017-02-03,264058228
2017-02-04,259707343
2017-02-05,285537420
2017-02-06,299438185
2017-02-07,285256887
2017-02-08,280026138
2017-02-09,279445823
2017-02-10,262683602
2017-02-11,259409618
2017-02-12,285158525
2017-02-13,295633626
2017-02-14,272347680
2017-02-15,276481812
2017-02-16,270277944
2017-02-17,256844589
2017-02-18,255349596
2017-02-19,279523484
2017-02-20,292354777
2017-02-21,284115741
2017-02-22,278198319
2017-02-23,267769800
2017-02-24,258449664
2017-02-25,257961917
2017-02-26,288334353
2017-02-27,308156045
2017-02-28,283697588
2017-03-01,273828142
2017-03-02,268935201
2017-03-03,258540014
2017-03-04,250948194
2017-03-05,276142985
2017-03-06,285320618
2017-03-07,278448020
2017-03-08,272834694
2017-03-09,270854083
2017-03-10,253765575
2017-03-11,252396289
2017-03-12,277467829
2017-03-13,277408231
2017-03-14,275499945
2017-03-15,268412011
2017-03-16,263317926
2017-03-17,256323496
2017-03-18,261568537
2017-03-19,276319027
2017-03-20,277801413
2017-03-21,281922805
2017-03-22,271012366
2017-03-23,260601934
2017-03-24,245566955
2017-03-25,239863564
2017-03-26,259778385
2017-03-27,265401507
2017-03-28,264167894
2017-03-29,263276748
2017-03-30,253901928
2017-03-31,241839575
2017-04-01,230419522
2017-04-02,251457574
2017-04-03,272061323
2017-04-04,262827644
2017-04-05,255639817
2017-04-06,254099272
2017-04-07,242698879
2017-04-08,233230934
2017-04-09,250629034
2017-04-10,264154074
2017-04-11,250240556
2017-04-12,255669667
2017-04-13,248450679
2017-04-14,241546954
2017-04-15,236139859
2017-04-16,251794497
2017-04-17,274086769
2017-04-18,266916406
2017-04-19,266664552
2017-04-20,258896417
2017-04-21,247393232
2017-04-22,238820490
2017-04-23,261255081
2017-04-24,273337637
2017-04-25,263350189
2017-04-26,257528069
2017-04-27,255523347
2017-04-28,240484340
2017-04-29,232167442
2017-04-30,253595855
2017-05-01,275977724
2017-05-02,265862352
2017-05-03,258532140
2017-05-04,254563078
2017-05-05,245278317
2017-05-06,238331207
2017-05-07,256674077
2017-05-08,271345148
2017-05-09,264175992
2017-05-10,256871416
2017-05-11,251472165
2017-05-12,236455829
2017-05-13,232298708
2017-05-14,249109388
2017-05-15,268622174
2017-05-16,256905060
2017-05-17,257516264
2017-05-18,257557979
2017-05-19,241773391
2017-05-20,233969147
2017-05-21,250815178
2017-05-22,294194978
2017-05-23,267636853
2017-05-24,249190017
2017-05-25,242354018
2017-05-26,228718940
2017-05-27,220897663
2017-05-28,240063283
2017-05-29,262255929
2017-05-30,258298146
2017-05-31,286841738
2017-06-01,244044278
2017-06-02,231445886
2017-06-03,226987955
2017-06-04,243615376
2017-06-05,257693441
2017-06-06,254412119
2017-06-07,250408135
2017-06-08,245829937
2017-06-09,238268665
2017-06-10,224300608
2017-06-11,241797571
2017-06-12,258062552
2017-06-13,249088806
2017-06-14,238520029
2017-06-15,235948603
2017-06-16,227245703
2017-06-17,221464748
2017-06-18,233163958
2017-06-19,247399521
2017-06-20,241695517
2017-06-21,246742513
2017-06-22,233912837
2017-06-23,225519315
2017-06-24,217803545
2017-06-25,230026908
2017-06-26,238229715
2017-06-27,232644768
2017-06-28,235281924
2017-06-29,231746707
2017-06-30,220632550
2017-07-01,216145677
2017-07-02,227650505
2017-07-03,237434172
2017-07-04,236337768
2017-07-05,235037198
2017-07-06,235594884
2017-07-07,227693566
2017-07-08,223556364
2017-07-09,236896942
2017-07-10,250953572
2017-07-11,242459249
2017-07-12,241957244
2017-07-13,236797658
2017-07-14,227003969
2017-07-15,222827537
2017-07-16,240521606
2017-07-17,245935154
2017-07-18,238369178
2017-07-19,237238971
2017-07-20,238216724
2017-07-21,233927538
2017-07-22,226546965
2017-07-23,243900990
2017-07-24,250562470
2017-07-25,244274910
2017-07-26,238832257
2017-07-27,234221882
2017-07-28,226922013
2017-07-29,216858458
2017-07-30,234511642
2017-07-31,241316734
2017-08-01,236121327
2017-08-02,236176610
2017-08-03,231499935
2017-08-04,222142542
2017-08-05,214372633
2017-08-06,232128017
2017-08-07,240987218
2017-08-08,237674080
2017-08-09,240278303
2017-08-10,234771303
2017-08-11,225165072
2017-08-12,219733402
2017-08-13,231044322
2017-08-14,238159212
2017-08-15,236436259
2017-08-16,236464976
2017-08-17,233515730
2017-08-18,227433230
2017-08-19,217964019
2017-08-20,238861563
2017-08-21,244165056
2017-08-22,238595233
2017-08-23,235228963
2017-08-24,231218183
2017-08-25,224391491
2017-08-26,217703996
2017-08-27,233112032
2017-08-28,240579495
2017-08-29,236728941
2017-08-30,234600545
2017-08-31,229724927
2017-09-01,218138913
2017-09-02,216563618
2017-09-03,237152213
2017-09-04,248685010
2017-09-05,249562224
2017-09-06,241512992
2017-09-07,238816351
2017-09-08,225822519
2017-09-09,217548429
2017-09-10,238384007
2017-09-11,243613490
2017-09-12,237288464
2017-09-13,236317353
2017-09-14,236182125
2017-09-15,228605674
2017-09-16,222072277
2017-09-17,242158426
2017-09-18,257407168
2017-09-19,248729138
2017-09-20,244313983
2017-09-21,242989345
2017-09-22,230153792
2017-09-23,223104006
2017-09-24,239078025
2017-09-25,250950751
2017-09-26,246101748
2017-09-27,241404752
2017-09-28,240791648
2017-09-29,223389500
2017-09-30,212214320
2017-10-01,232711638
2017-10-02,250788489
2017-10-03,250577051
2017-10-04,243789791
2017-10-05,240826909
2017-10-06,231682470
2017-10-07,227297661
2017-10-08,245048988
2017-10-09,259336538
2017-10-10,255349870
2017-10-11,250769344
2017-10-12,244786324
2017-10-13,235065063
2017-10-14,226588879
2017-10-15,246737723
2017-10-16,258033484
2017-10-17,250691681
2017-10-18,242103222
2017-10-19,240624149
2017-10-20,234169872
2017-10-21,228130208
2017-10-22,249192851
2017-10-23,262350492
2017-10-24,257594759
2017-10-25,252555374
2017-10-26,245021294
2017-10-27,232561069
2017-10-28,227873879
2017-10-29,251117294
2017-10-30,260757317
2017-10-31,246638498
2017-11-01,245997127
2017-11-02,253643825
2017-11-03,238078188
2017-11-04,231904178
2017-11-05,256429405
2017-11-06,262311971
2017-11-07,258324684
2017-11-08,254965389
2017-11-09,248586182
2017-11-10,235358360
2017-11-11,232644816
2017-11-12,253127535
2017-11-13,266751247
2017-11-14,259460016
2017-11-15,253678008
2017-11-16,251793266
2017-11-17,236822824
2017-11-18,231826074
2017-11-19,252684666
2017-11-20,270098673
2017-11-21,256641742
2017-11-22,250952678
2017-11-23,233493844
2017-11-24,224892662
2017-11-25,234940835
2017-11-26,254249034
2017-11-27,272091088
2017-11-28,263236280
2017-11-29,255233213
2017-11-30,245855174
2017-12-01,234766440
2017-12-02,223279761
2017-12-03,245819134
2017-12-04,261649670
2017-12-05,261203674
2017-12-06,249286370
2017-12-07,258083984
2017-12-08,244266774
2017-12-09,231974553
2017-12-10,252218017
2017-12-11,265949758
2017-12-12,253321463
2017-12-13,250093109
2017-12-14,242477144
2017-12-15,228605114
2017-12-16,221668293
2017-12-17,239034822
2017-12-18,253744053
2017-12-19,240056427
2017-12-20,233037656
2017-12-21,229031021
2017-12-22,213598030
2017-12-23,216040737
2017-12-24,221519286
2017-12-25,226745200
2017-12-26,241982306
2017-12-27,248393038
2017-12-28,252833502
2017-12-29,245708960
2017-12-30,242828024
2017-12-31,241311080
2018-01-01,254004895
2018-01-02,271970474
2018-01-03,271754128
2018-01-04,262030351
2018-01-05,258797232
2018-01-06,271726182
2018-01-07,278262904
2018-01-08,286077530
2018-01-09,270794915
2018-01-10,266009404
2018-01-11,270478160
2018-01-12,254774919
2018-01-13,258228010
2018-01-14,286198199
2018-01-15,293352495
2018-01-16,277937692
2018-01-17,276807372
2018-01-18,287623674
2018-01-19,255037913
2018-01-20,248678061
2018-01-21,271949536
2018-01-22,286744283
2018-01-23,274131991
2018-01-24,268980348
2018-01-25,264998286
2018-01-26,258082731
2018-01-27,250203704
2018-01-28,275092457
2018-01-29,286403997
2018-01-30,269390035
2018-01-31,264594182
2018-02-01,259389988
2018-02-02,249143903
2018-02-03,247616770
2018-02-04,270954687
2018-02-05,282862407
2018-02-06,269835535
2018-02-07,263535106
2018-02-08,262974215
2018-02-09,250503379
2018-02-10,248228828
2018-02-11,269435881
2018-02-12,277064820
2018-02-13,264501217
2018-02-14,254280551
2018-02-15,254650697
2018-02-16,248825318
2018-02-17,246495901
2018-02-18,267296223
2018-02-19,279634303
2018-02-20,269090269
2018-02-21,266536143
2018-02-22,261945680
2018-02-23,252988876
2018-02-24,246446816
2018-02-25,276984314
2018-02-26,285124856
2018-02-27,270896674
2018-02-28,263091065
2018-03-01,259948323
2018-03-02,248193965
2018-03-03,248455158
2018-03-04,270825902
2018-03-05,290259506
2018-03-06,268181631
2018-03-07,263749375
2018-03-08,260216863
2018-03-09,248118042
2018-03-10,242508715
2018-03-11,267327597
2018-03-12,278573713
2018-03-13,268124419
2018-03-14,274436000
2018-03-15,260369192
2018-03-16,248456051
2018-03-17,244307938
2018-03-18,265322854
2018-03-19,272784374
2018-03-20,260811340
2018-03-21,259485687
2018-03-22,258118766
2018-03-23,247161719
2018-03-24,238161811
2018-03-25,256805417
2018-03-26,268421339
2018-03-27,260428454
2018-03-28,254185785
2018-03-29,246477844
2018-03-30,245116497
2018-03-31,239811905
2018-04-01,252675261
2018-04-02,272919397
2018-04-03,266684634
2018-04-04,260871840
2018-04-05,253103719
2018-04-06,246901570
2018-04-07,246829840
2018-04-08,267289432
2018-04-09,276232602
2018-04-10,262767445
2018-04-11,265038607
2018-04-12,258728356
2018-04-13,245229556
2018-04-14,238878257
2018-04-15,270245924
2018-04-16,276097734
2018-04-17,262640494
2018-04-18,257893371
2018-04-19,247415497
2018-04-20,240716754
2018-04-21,236492726
2018-04-22,254709218
2018-04-23,265359703
2018-04-24,262869032
2018-04-25,264210926
2018-04-26,251982187
2018-04-27,243941232
2018-04-28,231240109
2018-04-29,248990541
2018-04-30,261397566
2018-05-01,253688752
2018-05-02,246476978
2018-05-03,246863030
2018-05-04,237574932
2018-05-05,231603196
2018-05-06,245260367
2018-05-07,261996660
2018-05-08,255885138
2018-05-09,248229020
2018-05-10,249614379
2018-05-11,240662605
2018-05-12,236043509
2018-05-13,250153694
2018-05-14,263683784
2018-05-15,256633680
2018-05-16,255813379
2018-05-17,250659729
2018-05-18,241236399
2018-05-19,260179610
2018-05-20,269896594
2018-05-21,273821611
2018-05-22,262074230
2018-05-23,252193398
2018-05-24,243245413
2018-05-25,235636283
2018-05-26,230043801
2018-05-27,248939352
2018-05-28,260256771
2018-05-29,262022908
2018-05-30,249923234
2018-05-31,244528482
2018-06-01,233478386
2018-06-02,228228242
2018-06-03,246384090
2018-06-04,255182779
2018-06-05,251398633
2018-06-06,245931901
2018-06-07,247617863
2018-06-08,246414514
2018-06-09,235968879
2018-06-10,250044008
2018-06-11,257687629
2018-06-12,247936167
2018-06-13,246159107
2018-06-14,240557562
2018-06-15,230006858
2018-06-16,223349366
2018-06-17,245184164
2018-06-18,254251362
2018-06-19,252069058
2018-06-20,243144923
2018-06-21,237336589
2018-06-22,232476624
2018-06-23,232793135
2018-06-24,244154135
2018-06-25,250770721
2018-06-26,242378195
2018-06-27,240911371
2018-06-28,237527534
2018-06-29,228027503
2018-06-30,229044877
2018-07-01,244563187
2018-07-02,252548037
2018-07-03,244743887
2018-07-04,243059328
2018-07-05,242816641
2018-07-06,240303943
2018-07-07,241745568
2018-07-08,254917133
2018-07-09,260079545
2018-07-10,260365765
2018-07-11,253781285
2018-07-12,249844423
2018-07-13,244571277
2018-07-14,242718191
2018-07-15,270456975
2018-07-16,264587663
2018-07-17,252542416
2018-07-18,248867712
2018-07-19,243873715
2018-07-20,236904731
2018-07-21,232962303
2018-07-22,252442926
2018-07-23,256659731
2018-07-24,249569524
2018-07-25,246740607
2018-07-26,243391335
2018-07-27,238717761
2018-07-28,234574023
2018-07-29,255718145
2018-07-30,266337765
2018-07-31,252759799
2018-08-01,251446219
2018-08-02,244486599
2018-08-03,237560098
2018-08-04,236147850
2018-08-05,250059803
2018-08-06,256899970
2018-08-07,252996180
2018-08-08,245623764
2018-08-09,242510365
2018-08-10,233672516
2018-08-11,227712119
2018-08-12,245805472
2018-08-13,252441228
2018-08-14,243206366
2018-08-15,242250060
2018-08-16,246083965
2018-08-17,238217714
2018-08-18,232384157
2018-08-19,251001867
2018-08-20,257749693
2018-08-21,246493527
2018-08-22,246162905
2018-08-23,238568774
2018-08-24,235915182
2018-08-25,230269833
2018-08-26,252658715
2018-08-27,260061309
2018-08-28,250847913
2018-08-29,253303699
2018-08-30,246332509
2018-08-31,237622579
2018-09-01,234423766
2018-09-02,243624993
2018-09-03,257822766
2018-09-04,257448766
2018-09-05,246756911
2018-09-06,250053015
2018-09-07,244491275
2018-09-08,240658390
2018-09-09,254693496
2018-09-10,260945969
2018-09-11,253678424
2018-09-12,245364980
2018-09-13,243706979
2018-09-14,237910725
2018-09-15,235632011
2018-09-16,252929710
2018-09-17,263343995
2018-09-18,259911848
2018-09-19,247238826
2018-09-20,250189951
2018-09-21,238253051
2018-09-22,232991458
2018-09-23,249466400
2018-09-24,256646373
2018-09-25,252346913
2018-09-26,247759949
2018-09-27,241213911
2018-09-28,233826041
2018-09-29,228926481
2018-09-30,248695102
2018-10-01,253960734
2018-10-02,253781679
2018-10-03,249411162
2018-10-04,245916485
2018-10-05,241217870
2018-10-06,240167867
2018-10-07,256217052
2018-10-08,264714887
2018-10-09,258329861
2018-10-10,248656546
2018-10-11,246824031
2018-10-12,243169039
2018-10-13,234991231
2018-10-14,252620536
2018-10-15,261198804
2018-10-16,256390391
2018-10-17,252010663
2018-10-18,246048760
2018-10-19,236816961
2018-10-20,233253694
2018-10-21,251704481
2018-10-22,263215095
2018-10-23,256482611
2018-10-24,253773428
2018-10-25,247968427
2018-10-26,233497432
2018-10-27,227729150
2018-10-28,247239046
2018-10-29,262625715
2018-10-30,251412908
2018-10-31,243049785
2018-11-01,240551585
2018-11-02,237732340
2018-11-03,230705567
2018-11-04,249912671
2018-11-05,257772331
2018-11-06,251280876
2018-11-07,250091447
2018-11-08,244135779
2018-11-09,238888655
2018-11-10,240092844
2018-11-11,262829142
2018-11-12,273771597
2018-11-13,264266022
2018-11-14,253267290
2018-11-15,252651787
2018-11-16,244175216
2018-11-17,236574947
2018-11-18,257767651
2018-11-19,260291010
2018-11-20,252972620
2018-11-21,244862023
2018-11-22,241294784
2018-11-23,235474588
2018-11-24,241524047
2018-11-25,254936061
2018-11-26,262943439
2018-11-27,257751317
2018-11-28,255448755
2018-11-29,251719082
2018-11-30,236311129
2018-12-01,238255135
2018-12-02,256175961
2018-12-03,271921225
2018-12-04,259318632
2018-12-05,264029784
2018-12-06,258410418
2018-12-07,247960552
2018-12-08,245565654
2018-12-09,265089122
2018-12-10,269262021
2018-12-11,258205879
2018-12-12,250696552
2018-12-13,247444416
2018-12-14,238363011
2018-12-15,227822492
2018-12-16,244933688
2018-12-17,258270188
2018-12-18,247192256
2018-12-19,240800343
2018-12-20,231354940
2018-12-21,220120335
2018-12-22,220553760
2018-12-23,230928648
2018-12-24,235911852
2018-12-25,234974489
2018-12-26,246258394
2018-12-27,253211518
2018-12-28,246048195
2018-12-29,250016832
2018-12-30,260225696
2018-12-31,249419087
2019-01-01,258432938
2019-01-02,269669563
2019-01-03,262928832
2019-01-04,257655473
2019-01-05,258422861
2019-01-06,275107191
2019-01-07,285456840
2019-01-08,269691957
2019-01-09,261465363
2019-01-10,259399483
2019-01-11,256086393
2019-01-12,260933794
2019-01-13,273869684
2019-01-14,276656978
2019-01-15,267594342
2019-01-16,261668895
2019-01-17,263616523
2019-01-18,256093391
2019-01-19,251313513
2019-01-20,277059980
2019-01-21,277767506
2019-01-22,269948505
2019-01-23,263768079
2019-01-24,261450389
2019-01-25,252414304
2019-01-26,252799134
2019-01-27,274026499
2019-01-28,276629598
2019-01-29,264529067
2019-01-30,259784329
2019-01-31,257373603
2019-02-01,253096730
2019-02-02,247924919
2019-02-03,270830800
2019-02-04,282070051
2019-02-05,260257451
2019-02-06,255188876
2019-02-07,251634653
2019-02-08,251327147
2019-02-09,243708920
2019-02-10,269073499
2019-02-11,277532970
2019-02-12,262384402
2019-02-13,255102992
2019-02-14,249506827
2019-02-15,243759815
2019-02-16,248055686
2019-02-17,266709023
2019-02-18,272897873
2019-02-19,266683999
2019-02-20,257980550
2019-02-21,252953048
2019-02-22,248098781
2019-02-23,243768857
2019-02-24,261418598
2019-02-25,293241398
2019-02-26,266007144
2019-02-27,258923040
2019-02-28,252893881
2019-03-01,242451904
2019-03-02,242494834
2019-03-03,266791854
2019-03-04,275280285
2019-03-05,259129978
2019-03-06,256690227
2019-03-07,253173831
2019-03-08,242040739
2019-03-09,245811288
2019-03-10,266015017
2019-03-11,267475965
2019-03-12,257809685
2019-03-13,253125346
2019-03-14,253098588
2019-03-15,241489026
2019-03-16,240035193
2019-03-17,260961845
2019-03-18,267674534
2019-03-19,257547096
2019-03-20,252199461
2019-03-21,253552032
2019-03-22,245000084
2019-03-23,242051761
2019-03-24,259880014
2019-03-25,264609919
2019-03-26,255426289
2019-03-27,252115744
2019-03-28,245858852
2019-03-29,237775083
2019-03-30,234720566
2019-03-31,254389882
2019-04-01,261538975
2019-04-02,249949720
2019-04-03,251612444
2019-04-04,252178103
2019-04-05,246971100
2019-04-06,238565115
2019-04-07,256818678
2019-04-08,270889759
2019-04-09,261755839
2019-04-10,252033771
2019-04-11,251512980
2019-04-12,243941811
2019-04-13,236784673
2019-04-14,260722844
2019-04-15,265178339
2019-04-16,258993062
2019-04-17,249370813
2019-04-18,240551079
2019-04-19,238334277
2019-04-20,236572552
2019-04-21,248871869
2019-04-22,264066640
2019-04-23,259026365
2019-04-24,258110695
2019-04-25,259289129
2019-04-26,254585337
2019-04-27,247750107
2019-04-28,262258456
2019-04-29,260030426
2019-04-30,253633452
2019-05-01,252926112
2019-05-02,250993548
2019-05-03,244243137
2019-05-04,240049828
2019-05-05,258456831
2019-05-06,265764315
2019-05-07,254469664
2019-05-08,260543428
2019-05-09,251730626
2019-05-10,242266408
2019-05-11,241910557
2019-05-12,257142015
2019-05-13,260077199
2019-05-14,253708279
2019-05-15,244421251
2019-05-16,244482123
2019-05-17,240645624
2019-05-18,238057408
2019-05-19,255710054
2019-05-20,260084381
2019-05-21,255975653
2019-05-22,253600124
2019-05-23,260814472
2019-05-24,243148434
2019-05-25,232326772
2019-05-26,252749625
2019-05-27,261760400
2019-05-28,260395020
2019-05-29,251231651
2019-05-30,248828953
2019-05-31,240211555
2019-06-01,230745655
2019-06-02,248557241
2019-06-03,251293792
2019-06-04,242770258
2019-06-05,240754287
2019-06-06,239613705
2019-06-07,237282240
2019-06-08,235255039
2019-06-09,253029939
2019-06-10,260366302
2019-06-11,249109040
2019-06-12,244670854
2019-06-13,246419331
2019-06-14,237394009
2019-06-15,235371539
2019-06-16,254821305
2019-06-17,258182343
2019-06-18,252124785
2019-06-19,243434021
2019-06-20,241309757
2019-06-21,236323431
2019-06-22,229959305
2019-06-23,248450231
2019-06-24,254881496
2019-06-25,245275441
2019-06-26,237516975
2019-06-27,229243833
2019-06-28,227239850
2019-06-29,220693827
2019-06-30,240513678
2019-07-01,245685579
2019-07-02,241636506
2019-07-03,242932497
2019-07-04,238052940
2019-07-05,234206244
2019-07-06,240962572
2019-07-07,269412762
2019-07-08,264018020
2019-07-09,257111562
2019-07-10,250675934
2019-07-11,248035522
2019-07-12,242168234
2019-07-13,241723269
2019-07-14,258955194
2019-07-15,253544659
2019-07-16,247133826
2019-07-17,245972005
2019-07-18,244578764
2019-07-19,242561901
2019-07-20,241868457
2019-07-21,262648424
2019-07-22,259149054
2019-07-23,250683004
2019-07-24,251422981
2019-07-25,245538215
2019-07-26,233443514
2019-07-27,241424477
2019-07-28,257176516
2019-07-29,252302673
2019-07-30,253156921
2019-07-31,239741768
2019-08-01,233671120
2019-08-02,229725320
2019-08-03,228762804
2019-08-04,243792510
2019-08-05,251688746
2019-08-06,247536897
2019-08-07,242850263
2019-08-08,239854634
2019-08-09,231957712
2019-08-10,233981742
2019-08-11,247299682
2019-08-12,247113126
2019-08-13,243023794
2019-08-14,236264917
2019-08-15,233308383
2019-08-16,233263029
2019-08-17,236433308
2019-08-18,258602736
2019-08-19,253292841
2019-08-20,246535441
2019-08-21,247246737
2019-08-22,243411777
2019-08-23,235052787
2019-08-24,234053046
2019-08-25,249519717
2019-08-26,253994341
2019-08-27,249858117
2019-08-28,249599078
2019-08-29,248256051
2019-08-30,238739819
2019-08-31,242947266
2019-09-01,253877113
2019-09-02,256570476
2019-09-03,251795172
2019-09-04,241848957
2019-09-05,241335745
2019-09-06,226197396
2019-09-07,231672194
2019-09-08,255903625
2019-09-09,253979225
2019-09-10,246356440
2019-09-11,250395051
2019-09-12,246528400
2019-09-13,237790662
2019-09-14,234238328
2019-09-15,252263150
2019-09-16,259208453
2019-09-17,253762818
2019-09-18,252707624
2019-09-19,246491095
2019-09-20,239529801
2019-09-21,236868012
2019-09-22,262805397
2019-09-23,267586670
2019-09-24,257956083
2019-09-25,260999365
2019-09-26,254526990
2019-09-27,246510210
2019-09-28,248213252
2019-09-29,265742889
2019-09-30,265660248
2019-10-01,259001639
2019-10-02,258600056
2019-10-03,255368417
2019-10-04,248365937
2019-10-05,249282219
2019-10-06,265794222
2019-10-07,271321801
2019-10-08,268345305
2019-10-09,262052469
2019-10-10,258377792
2019-10-11,253018484
2019-10-12,256345001
2019-10-13,271370566
2019-10-14,277886593
2019-10-15,271916054
2019-10-16,270692749
2019-10-17,267655136
2019-10-18,255971025
2019-10-19,252582712
2019-10-20,274068628
2019-10-21,281208712
2019-10-22,275825996
2019-10-23,261810412
2019-10-24,261179919
2019-10-25,244154064
2019-10-26,239614721
2019-10-27,251126425
2019-10-28,264204135
2019-10-29,252158855
2019-10-30,256594364
2019-10-31,259100940
2019-11-01,247033791
2019-11-02,249800981
2019-11-03,268441261
2019-11-04,272278652
2019-11-05,265841316
2019-11-06,257795875
2019-11-07,256829554
2019-11-08,248090262
2019-11-09,247952825
2019-11-10,260391974
2019-11-11,274407425
2019-11-12,280466425
2019-11-13,272871005
2019-11-14,260980681
2019-11-15,241518160
2019-11-16,238701104
2019-11-17,263463036
2019-11-18,261201561
2019-11-19,259220265
2019-11-20,256096874
2019-11-21,252825412
2019-11-22,249822524
2019-11-23,247941696
2019-11-24,272224451
2019-11-25,276724417
2019-11-26,254779231
2019-11-27,251187605
2019-11-28,248136455
2019-11-29,241726001
2019-11-30,244956287
2019-12-01,261694041
2019-12-02,256736747
2019-12-03,248580506
2019-12-04,250743335
2019-12-05,245578694
2019-12-06,237719466
2019-12-07,242077880
2019-12-08,261449927
2019-12-09,265596196
2019-12-10,255596551
2019-12-11,257319200
2019-12-12,246402891
2019-12-13,237826924
2019-12-14,236156575
2019-12-15,252854472
2019-12-16,252956223
2019-12-17,263710936
2019-12-18,264075301
2019-12-19,242340149
2019-12-20,221761821
2019-12-21,220226876
2019-12-22,235585792
2019-12-23,232145671
2019-12-24,226594073
2019-12-25,231661917
2019-12-26,246148696
2019-12-27,246894175
2019-12-28,247693544
2019-12-29,255906268
2019-12-30,269082645
2019-12-31,238203794
2020-01-01,251269426
2020-01-02,268920258
2020-01-03,264139157
2020-01-04,263223806
2020-01-05,281644795
2020-01-06,288258779
2020-01-07,274868425
2020-01-08,265674834
2020-01-09,262894974
2020-01-10,257460877
2020-01-11,260429193
2020-01-12,278575834
2020-01-13,277540873
2020-01-14,271661525
2020-01-15,261316738
2020-01-16,262574894
2020-01-17,253126793
2020-01-18,255096104
2020-01-19,277613184
2020-01-20,281145569
2020-01-21,268440458
2020-01-22,263249933
2020-01-23,262433466
2020-01-24,257384061
2020-01-25,255541977
2020-01-26,278443117
2020-01-27,292464883
2020-01-28,270772229
2020-01-29,260524308
2020-01-30,257732732
2020-01-31,248206663
2020-02-01,244934940
2020-02-02,265318374
2020-02-03,276224331
2020-02-04,261069365
2020-02-05,262715392
2020-02-06,259931201
2020-02-07,247873441
2020-02-08,263134092
2020-02-09,278995396
2020-02-10,293768484
2020-02-11,267073808
2020-02-12,260339950
2020-02-13,258557598
2020-02-14,245577997
2020-02-15,256179598
2020-02-16,276950447
2020-02-17,274320398
2020-02-18,270860495
2020-02-19,265142387
2020-02-20,260041466
2020-02-21,247876009
2020-02-22,247227677
2020-02-23,267332134
2020-02-24,269889291
2020-02-25,261068472
2020-02-26,258661981
2020-02-27,258199422
2020-02-28,247656780
2020-02-29,248400645
2020-03-01,268625359
2020-03-02,262892518
2020-03-03,257268000
2020-03-04,255523163
2020-03-05,251331557
2020-03-06,244805433
2020-03-07,240872015
2020-03-08,261203175
2020-03-09,262106673
2020-03-10,253287322
2020-03-11,250636046
2020-03-12,238627835
2020-03-13,227785451
2020-03-14,238357228
2020-03-15,255324472
2020-03-16,238723994
2020-03-17,237167426
2020-03-18,242075643
2020-03-19,244170774
2020-03-20,249134258
2020-03-21,265661125
2020-03-22,282290096
2020-03-23,270072143
2020-03-24,271305907
2020-03-25,272142862
2020-03-26,277598099
2020-03-27,280706454
2020-03-28,295778801
2020-03-29,312231755
2020-03-30,298476197
2020-03-31,292587048
2020-04-01,293459898
2020-04-02,304662338
2020-04-03,305021965
2020-04-04,318657971
2020-04-05,327245773
2020-04-06,314682146
2020-04-07,301973292
2020-04-08,303303479
2020-04-09,316833175
2020-04-10,327264666
2020-04-11,319870396
2020-04-12,330091197
2020-04-13,325784804
2020-04-14,307081639
2020-04-15,296136550
2020-04-16,295447347
2020-04-17,299149067
2020-04-18,314417896
2020-04-19,324812886
2020-04-20,313706462
2020-04-21,307684093
2020-04-22,299339454
2020-04-23,298664298
2020-04-24,296203865
2020-04-25,307737567
2020-04-26,328391988
2020-04-27,320152015
2020-04-28,310464487
2020-04-29,306752545
2020-04-30,289121295
2020-05-01,282585439
2020-05-02,283797918
2020-05-03,296363621
2020-05-04,285824550
2020-05-05,279834019
2020-05-06,276563250
2020-05-07,271659946
2020-05-08,269230922
2020-05-09,278539333
2020-05-10,287421500
2020-05-11,279883463
2020-05-12,272591257
2020-05-13,269682547
2020-05-14,267255442
2020-05-15,260851847
2020-05-16,266161323
2020-05-17,283278359
2020-05-18,275867758
2020-05-19,263961973
2020-05-20,255404779
2020-05-21,252908832
2020-05-22,252312997
2020-05-23,258494451
2020-05-24,266047569
2020-05-25,268435755
2020-05-26,258930651
2020-05-27,250231829
2020-05-28,247598002
2020-05-29,242038618
2020-05-30,245119285
2020-05-31,260916475
2020-06-01,249047750
2020-06-02,240478902
2020-06-03,243810078
2020-06-04,245639512
2020-06-05,243826397
2020-06-06,247634762
2020-06-07,264237182
2020-06-08,255008918
2020-06-09,249509278
2020-06-10,247435403
2020-06-11,245257165
2020-06-12,239016479
2020-06-13,236587150
2020-06-14,259615868
2020-06-15,247149612
2020-06-16,240687331
2020-06-17,239405245
2020-06-18,242772131
2020-06-19,241196096
2020-06-20,237517393
2020-06-21,247484332
2020-06-22,243269178
2020-06-23,235634436
2020-06-24,230430500
2020-06-25,228544826
2020-06-26,227463682
2020-06-27,237925568
2020-06-28,252700230
2020-06-29,241647099
2020-06-30,234371310
2020-07-01,228514637
2020-07-02,228487552
2020-07-03,233475768
2020-07-04,246698867
2020-07-05,253365009
2020-07-06,249729741
2020-07-07,240383186
2020-07-08,237311227
2020-07-09,235981749
2020-07-10,232921550
2020-07-11,240453649
2020-07-12,251137644
2020-07-13,250352437
2020-07-14,243264796
2020-07-15,234690032
2020-07-16,237486717
2020-07-17,240140995
2020-07-18,246251521
2020-07-19,254799930
2020-07-20,247709302
2020-07-21,239239760
2020-07-22,235031566
2020-07-23,237197252
2020-07-24,233568896
2020-07-25,241391687
2020-07-26,257754289
2020-07-27,248140596
2020-07-28,237159686
2020-07-29,234049169
2020-07-30,230232875
2020-07-31,221728512
2020-08-01,228113161
2020-08-02,245975633
2020-08-03,235300846
2020-08-04,234092187
2020-08-05,232256003
2020-08-06,228237428
2020-08-07,222797723
2020-08-08,227289843
2020-08-09,246988316
2020-08-10,240807950
2020-08-11,236496694
2020-08-12,241231711
2020-08-13,236632833
2020-08-14,231394416
2020-08-15,237528919
2020-08-16,255534617
2020-08-17,244225474
2020-08-18,237182935
2020-08-19,238199208
2020-08-20,234166795
2020-08-21,236298340
2020-08-22,238602370
2020-08-23,259463518
2020-08-24,246662689
2020-08-25,240895575
2020-08-26,236339242
2020-08-27,237775895
2020-08-28,235908895
2020-08-29,253421050
2020-08-30,251342431
2020-08-31,245204203
2020-09-01,232378301
2020-09-02,232896808
2020-09-03,231696678
2020-09-04,225745637
2020-09-05,228309919
2020-09-06,243785777
2020-09-07,248302415
2020-09-08,239557230
2020-09-09,234945754
2020-09-10,237553405
2020-09-11,235238520
2020-09-12,236329004
2020-09-13,249404090
2020-09-14,244903174
2020-09-15,237873640
2020-09-16,233344491
2020-09-17,234713454
2020-09-18,230857485
2020-09-19,237999592
2020-09-20,247533611
2020-09-21,249004515
2020-09-22,241794971
2020-09-23,240160880
2020-09-24,238104999
2020-09-25,234459802
2020-09-26,235502237
2020-09-27,250007543
2020-09-28,245123229
2020-09-29,241228870
2020-09-30,235278249
2020-10-01,233792054
2020-10-02,231893831
2020-10-03,231705727
2020-10-04,247009130
2020-10-05,246883114
2020-10-06,251663072
2020-10-07,254091446
2020-10-08,251171636
2020-10-09,244649083
2020-10-10,243873067
2020-10-11,258967784
2020-10-12,267039335
2020-10-13,255049816
2020-10-14,249539021
2020-10-15,250234021
2020-10-16,244749522
2020-10-17,248880238
2020-10-18,264891067
2020-10-19,261611162
2020-10-20,254410139
2020-10-21,254018195
2020-10-22,250199948
2020-10-23,241318329
2020-10-24,250266367
2020-10-25,264236195
2020-10-26,261980375
2020-10-27,261283110
2020-10-28,257077987
2020-10-29,253477431
2020-10-30,246472492
2020-10-31,245864164
2020-11-01,259541564
2020-11-02,261150672
2020-11-03,258980800
2020-11-04,283377527
2020-11-05,268013325
2020-11-06,264786190
2020-11-07,272945094
2020-11-08,300962903
2020-11-09,276131282
2020-11-10,270318349
2020-11-11,266725531
2020-11-12,264047971
2020-11-13,252631152
2020-11-14,251119505
2020-11-15,279559320
2020-11-16,274687040
2020-11-17,267053076
2020-11-18,263449610
2020-11-19,262444785
2020-11-20,254910690
2020-11-21,257839853
2020-11-22,274332315
2020-11-23,268871342
2020-11-24,259645773
2020-11-25,256266682
2020-11-26,253636008
2020-11-27,249085560
2020-11-28,258276089
2020-11-29,273169428
2020-11-30,263723898
2020-12-01,253291221
2020-12-02,250836161
2020-12-03,251154259
2020-12-04,243033802
2020-12-05,246548823
2020-12-06,261619928
2020-12-07,260222204
2020-12-08,252874042
2020-12-09,247515403
2020-12-10,246327856
2020-12-11,246473984
2020-12-12,245138074
2020-12-13,263412748
2020-12-14,260028431
2020-12-15,246310071
2020-12-16,243048626
2020-12-17,240670273
2020-12-18,233819357
2020-12-19,234620916
2020-12-20,249631461
2020-12-21,242881360
2020-12-22,235782091
2020-12-23,229668676
2020-12-24,226468640
2020-12-25,231337072
2020-12-26,253074317
2020-12-27,269342217
2020-12-28,262443381
2020-12-29,255777479
2020-12-30,250463902
2020-12-31,238283143
2021-01-01,258255840
2021-01-02,275379037
2021-01-03,284095778
2021-01-04,267263733
2021-01-05,260189644
2021-01-06,258889037
2021-01-07,256490066
2021-01-08,258791091
2021-01-09,266265511
2021-01-10,281355981
2021-01-11,272312592
2021-01-12,265083943
2021-01-13,263604090
2021-01-14,262062472
2021-01-15,254478013
2021-01-16,259317903
2021-01-17,273076697
2021-01-18,266916283
2021-01-19,258767982
2021-01-20,273794103
2021-01-21,264337619
2021-01-22,256194693
2021-01-23,262495496
2021-01-24,281869303
2021-01-25,271585148
2021-01-26,261130174
2021-01-27,256264822
2021-01-28,251538206
2021-01-29,249425389
2021-01-30,257635886
2021-01-31,272788406
2021-02-01,271475405
2021-02-02,258419789
2021-02-03,253032722
2021-02-04,251784646
2021-02-05,249671572
2021-02-06,256964166
2021-02-07,276769474
2021-02-08,274131465
2021-02-09,255539073
2021-02-10,250369643
2021-02-11,250989547
2021-02-12,246949482
2021-02-13,254568443
2021-02-14,271576666
2021-02-15,265343250
2021-02-16,257603294
2021-02-17,255581911
2021-02-18,257401042
2021-02-19,256601130
2021-02-20,257535699
2021-02-21,273132746
2021-02-22,267265241
2021-02-23,262096672
2021-02-24,266729377
2021-02-25,261659386
2021-02-26,256920600
2021-02-27,259847650
2021-02-28,278794599
2021-03-01,279082836
2021-03-02,267750130
2021-03-03,260434854
2021-03-04,259580313
2021-03-05,255811694
2021-03-06,258299594
2021-03-07,277597000
2021-03-08,270131162
2021-03-09,261193066
2021-03-10,260647904
2021-03-11,257552228
2021-03-12,249963923
2021-03-13,257070389
2021-03-14,276193446
2021-03-15,274577868
2021-03-16,262844409
2021-03-17,257679470
2021-03-18,255225631
2021-03-19,250353163
2021-03-20,251548712
2021-03-21,266635403
2021-03-22,263694102
2021-03-23,256129914
2021-03-24,259764553
2021-03-25,257742796
2021-03-26,250994570
2021-03-27,251791349
2021-03-28,271841464
2021-03-29,258710347
2021-03-30,247984197
2021-03-31,246876881
2021-04-01,242204639
2021-04-02,246570803
2021-04-03,248026184
2021-04-04,261887204
2021-04-05,269627727
2021-04-06,258830650
2021-04-07,253051318
2021-04-08,252078653
2021-04-09,264437692
2021-04-10,261023232
2021-04-11,273210267
2021-04-12,263567778
2021-04-13,251577168
2021-04-14,248999178
2021-04-15,247343741
2021-04-16,246773689
2021-04-17,255909472
2021-04-18,265673150
2021-04-19,259093567
2021-04-20,251934349
2021-04-21,248250449
2021-04-22,248996614
2021-04-23,246146441
2021-04-24,247002347
2021-04-25,268214100
2021-04-26,271773591
2021-04-27,251179325
2021-04-28,247957428
2021-04-29,246335753
2021-04-30,244133066
2021-05-01,241571234
2021-05-02,261331409
2021-05-03,265796283
2021-05-04,253752490
2021-05-05,249045213
2021-05-06,246542717
2021-05-07,241501719
2021-05-08,245609864
2021-05-09,257709600
2021-05-10,259011159
2021-05-11,254104191
2021-05-12,249133264
2021-05-13,245126249
2021-05-14,242138967
2021-05-15,245551310
2021-05-16,265198176
2021-05-17,264217933
2021-05-18,255518068
2021-05-19,249472249
2021-05-20,249008871
2021-05-21,242733202
2021-05-22,245107542
2021-05-23,262239190
2021-05-24,264232410
2021-05-25,253893012
2021-05-26,248805853
2021-05-27,243858031
2021-05-28,239911559
2021-05-29,242391740
2021-05-30,256508556
2021-05-31,259973674
2021-06-01,251571322
2021-06-02,245552172
2021-06-03,244792510
2021-06-04,239700509
2021-06-05,232028594
2021-06-06,251357152
2021-06-07,249527525
2021-06-08,238171926
2021-06-09,235660160
2021-06-10,232851129
2021-06-11,230367968
2021-06-12,230696337
2021-06-13,245585248
2021-06-14,244969825
2021-06-15,235077243
2021-06-16,230568867
2021-06-17,230652740
2021-06-18,228232663
2021-06-19,229780069
2021-06-20,239101934
2021-06-21,237445277
2021-06-22,229981097
2021-06-23,227379959
2021-06-24,225569411
2021-06-25,221544637
2021-06-26,224198268
2021-06-27,240536642
2021-06-28,241066177
2021-06-29,240353525
2021-06-30,236160897
2021-07-01,243319973
2021-07-02,238255723
2021-07-03,243640036
2021-07-04,251372887
2021-07-05,251831464
2021-07-06,257965249
2021-07-07,257292038
2021-07-08,242457229
2021-07-09,234920122
2021-07-10,237552659
2021-07-11,260381327
2021-07-12,248057879
2021-07-13,240621507
2021-07-14,235880462
2021-07-15,231664442
2021-07-16,228387427
2021-07-17,230876774
2021-07-18,245048049
2021-07-19,241839170
2021-07-20,239169082
2021-07-21,236014358
2021-07-22,240940074
2021-07-23,242108155
2021-07-24,240319973
2021-07-25,255532796
2021-07-26,253232799
2021-07-27,248085366
2021-07-28,245496837
2021-07-29,243109015
2021-07-30,241000297
2021-07-31,238120620
2021-08-01,254253922
2021-08-02,249641760
2021-08-03,241933312
2021-08-04,240022430
2021-08-05,240401253
2021-08-06,237805127
2021-08-07,248484389
2021-08-08,263971145
2021-08-09,246886919
2021-08-10,238142092
2021-08-11,235324796
2021-08-12,232569911
2021-08-13,230358118
2021-08-14,232005092
2021-08-15,250301019
2021-08-16,248811592
2021-08-17,242183910
2021-08-18,238506599
2021-08-19,240868818
2021-08-20,237249892
2021-08-21,238676965
2021-08-22,247950880
2021-08-23,243264239
2021-08-24,240000689
2021-08-25,235784718
2021-08-26,234146187
2021-08-27,232569986
2021-08-28,233546365
2021-08-29,252084967
2021-08-30,248667495
2021-08-31,239193347
2021-09-01,232051795
2021-09-02,231362039
2021-09-03,227212249
2021-09-04,230842217
2021-09-05,243056961
2021-09-06,248615989
2021-09-07,241286972
2021-09-08,236389566
2021-09-09,234442140
2021-09-10,230287252
2021-09-11,237448970
2021-09-12,250758922
2021-09-13,242660776
2021-09-14,237524290
2021-09-15,234417314
2021-09-16,233075293
2021-09-17,226854929
2021-09-18,224816293
2021-09-19,242287575
2021-09-20,243387548
2021-09-21,238773692
2021-09-22,234399090
2021-09-23,229570706
2021-09-24,224496798
2021-09-25,226104613
2021-09-26,240208645
2021-09-27,242259557
2021-09-28,235890758
2021-09-29,230932444
2021-09-30,228741500
2021-10-01,222219555
2021-10-02,224971498
2021-10-03,239021222
2021-10-04,240968759
2021-10-05,231634925
2021-10-06,229635612
2021-10-07,228367389
2021-10-08,223836021
2021-10-09,224397541
2021-10-10,239658032
2021-10-11,238150004
2021-10-12,233554195
2021-10-13,228652951
2021-10-14,226903482
2021-10-15,222833397
2021-10-16,224267684
2021-10-17,241430173
2021-10-18,240911602
2021-10-19,232410878
2021-10-20,228111091
2021-10-21,227581155
2021-10-22,226980184
2021-10-23,223593044
2021-10-24,237338830
2021-10-25,239354735
2021-10-26,237093806
2021-10-27,231659926
2021-10-28,230242178
2021-10-29,229318891
2021-10-30,224974818
2021-10-31,236539051
2021-11-01,233486581
2021-11-02,240450844
2021-11-03,228826381
2021-11-04,221536360
2021-11-05,218316160
2021-11-06,216470723
2021-11-07,236055213
2021-11-08,233315372
2021-11-09,226730666
2021-11-10,221894902
2021-11-11,221889887
2021-11-12,219973446
2021-11-13,221105728
2021-11-14,235667123
2021-11-15,233009652
2021-11-16,225126303
2021-11-17,223872948
2021-11-18,223880536
2021-11-19,215808953
2021-11-20,214628792
2021-11-21,230877721
2021-11-22,227845653
2021-11-23,223303579
2021-11-24,217721943
2021-11-25,215701997
2021-11-26,212698701
2021-11-27,221675179
2021-11-28,234182133
2021-11-29,230621082
2021-11-30,227253992
2021-12-01,217488532
2021-12-02,216568610
2021-12-03,212507527
2021-12-04,212664227
2021-12-05,231237169
2021-12-06,230112641
2021-12-07,223215897
2021-12-08,223733664
2021-12-09,221423629
2021-12-10,217401378
2021-12-11,216461083
2021-12-12,232081556
2021-12-13,230084833
2021-12-14,219932012
2021-12-15,215776803
2021-12-16,212651311
2021-12-17,204995734
2021-12-18,208010752
2021-12-19,223986838
2021-12-20,218129631
2021-12-21,212044038
2021-12-22,209845861
2021-12-23,207813289
2021-12-24,205176353
2021-12-25,217154073
2021-12-26,233352824
2021-12-27,237689218
2021-12-28,233395728
2021-12-29,234892233
2021-12-30,229975982
2021-12-31,220955926
2022-01-01,245105524
2022-01-02,258663949
2022-01-03,247918961
2022-01-04,238890676
2022-01-05,233786134
2022-01-06,234572499
2022-01-07,238150445
2022-01-08,248061529
2022-01-09,260498104
2022-01-10,253441109
2022-01-11,243487603
2022-01-12,236585839
2022-01-13,235015255
2022-01-14,230169094
2022-01-15,237368962
2022-01-16,253799711
2022-01-17,246986963
2022-01-18,243379077
2022-01-19,235948726
2022-01-20,233950278
2022-01-21,234305616
2022-01-22,236054076
2022-01-23,251305007
2022-01-24,242556921
2022-01-25,236554399
2022-01-26,240553882
2022-01-27,247164560
2022-01-28,242685324
2022-01-29,250502972
2022-01-30,269283654
2022-01-31,260217220
2022-02-01,246458836
2022-02-02,244660435
2022-02-03,247603939
2022-02-04,244021239
2022-02-05,246430059
2022-02-06,267469173
2022-02-07,256212511
2022-02-08,248766101
2022-02-09,241082876
2022-02-10,240400105
2022-02-11,235240461
2022-02-12,238041351
2022-02-13,260796019
2022-02-14,255593310
2022-02-15,243265318
2022-02-16,241529413
2022-02-17,239198727
2022-02-18,237094546
2022-02-19,238766679
2022-02-20,255981223
2022-02-21,253323831
2022-02-22,250136283
2022-02-23,244966217
2022-02-24,255053873
2022-02-25,254373300
2022-02-26,250395150
2022-02-27,263841264
2022-02-28,257394062
2022-03-01,245326672
2022-03-02,241824744
2022-03-03,239863912
2022-03-04,233763125
2022-03-05,231303419
2022-03-06,247847930
2022-03-07,244569541
2022-03-08,234708049
2022-03-09,234342655
2022-03-10,235297791
2022-03-11,229254838
2022-03-12,234224362
2022-03-13,250943416
2022-03-14,246544046
2022-03-15,236379477
2022-03-16,232797213
2022-03-17,229735993
2022-03-18,223970167
2022-03-19,230054348
2022-03-20,246725064
2022-03-21,243013802
2022-03-22,236641668
2022-03-23,234339617
2022-03-24,236629678
2022-03-25,228896315
2022-03-26,232134319
2022-03-27,247546471
2022-03-28,256155326
2022-03-29,239812751
2022-03-30,238023589
2022-03-31,232766247
2022-04-01,225226395
2022-04-02,226583342
2022-04-03,249813768
2022-04-04,248044875
2022-04-05,245384174
2022-04-06,233362791
2022-04-07,231583588
2022-04-08,224814351
2022-04-09,226263490
2022-04-10,243804173
2022-04-11,239316449
2022-04-12,231979641
2022-04-13,225250646
2022-04-14,227982495
2022-04-15,230094667
2022-04-16,227892569
2022-04-17,246255236
2022-04-18,246701282
2022-04-19,241302837
2022-04-20,231725802
2022-04-21,229210878
2022-04-22,225755223
2022-04-23,224446766
2022-04-24,241626691
2022-04-25,244502026
2022-04-26,236675117
2022-04-27,230766445
2022-04-28,226635408
2022-04-29,219257489
2022-04-30,216813729
2022-05-01,233106409
2022-05-02,236291684
2022-05-03,229440617
2022-05-04,225604623
2022-05-05,225718343
2022-05-06,225701197
2022-05-07,221270569
2022-05-08,235046594
2022-05-09,236142638
2022-05-10,228001330
2022-05-11,223904587
2022-05-12,221297038
2022-05-13,219718507
2022-05-14,219825306
2022-05-15,236435169
2022-05-16,235620964
2022-05-17,225665494
2022-05-18,225001207
2022-05-19,222638257
2022-05-20,217013684
2022-05-21,217412263
2022-05-22,234051177
2022-05-23,235018692
2022-05-24,229164629
2022-05-25,231862446
2022-05-26,228012821
2022-05-27,217734641
2022-05-28,219165472
2022-05-29,236602197
2022-05-30,241582847
2022-05-31,232790727
2022-06-01,224819362
2022-06-02,225304222
2022-06-03,219769866
2022-06-04,224335305
2022-06-05,241496806
2022-06-06,236760553
2022-06-07,227673249
2022-06-08,224463701
2022-06-09,222485756
2022-06-10,218974566
2022-06-11,217648809
2022-06-12,243702182
2022-06-13,232529910
2022-06-14,223127210
2022-06-15,217445733
2022-06-16,217678668
2022-06-17,216968422
2022-06-18,217835699
2022-06-19,231029318
2022-06-20,229730786
2022-06-21,224837747
2022-06-22,221160973
2022-06-23,217770259
2022-06-24,218032110
2022-06-25,219106905
2022-06-26,233820017
2022-06-27,229735114
2022-06-28,221012364
2022-06-29,218235048
2022-06-30,215505319
2022-07-01,211938383
2022-07-02,212530944
2022-07-03,227935547
2022-07-04,229642850
2022-07-05,222781660
2022-07-06,223687759
2022-07-07,228921709
2022-07-08,227011097
2022-07-09,220373397
2022-07-10,234605542
2022-07-11,229771091
2022-07-12,221591193
2022-07-13,219756490
2022-07-14,222264581
2022-07-15,219576857
2022-07-16,219531225
2022-07-17,235528791
2022-07-18,231282222
2022-07-19,222160331
2022-07-20,221108409
2022-07-21,225001417
2022-07-22,221907309
2022-07-23,224614250
2022-07-24,242747823
2022-07-25,237039646
2022-07-26,230811664
2022-07-27,225400207
2022-07-28,225128074
2022-07-29,220335530
2022-07-30,224011522
2022-07-31,243384562
2022-08-01,235238212
2022-08-02,230963928
2022-08-03,226346649
2022-08-04,226436416
2022-08-05,227122072
2022-08-06,230662753
2022-08-07,245379060
2022-08-08,243946595
2022-08-09,237135596
2022-08-10,226637632
2022-08-11,223390714
2022-08-12,226949589
2022-08-13,231187084
2022-08-14,245445196
2022-08-15,240389138
2022-08-16,233899413
2022-08-17,231071875
2022-08-18,227676010
2022-08-19,226341104
2022-08-20,226486961
2022-08-21,244514346
2022-08-22,239258518
2022-08-23,232458898
2022-08-24,231472246
2022-08-25,230856337
2022-08-26,227705066
2022-08-27,229003485
2022-08-28,242464697
2022-08-29,239432748
2022-08-30,232521047
2022-08-31,228255253
2022-09-01,225299472
2022-09-02,225733371
2022-09-03,233672089
2022-09-04,247146844
2022-09-05,254412609
2022-09-06,244712656
2022-09-07,236687118
2022-09-08,269396739
2022-09-09,268480181
2022-09-10,260207793
2022-09-11,277795151
2022-09-12,262264754
2022-09-13,255825921
2022-09-14,248864070
2022-09-15,242407712
2022-09-16,236724392
2022-09-17,237163119
2022-09-18,254932379
2022-09-19,274377380
2022-09-20,244490274
2022-09-21,239221343
2022-09-22,238818531
2022-09-23,233222486
2022-09-24,237268463
2022-09-25,252609338
2022-09-26,246744141
2022-09-27,239383602
2022-09-28,234795525
2022-09-29,254228976
2022-09-30,229227622
2022-10-01,232056943
2022-10-02,248550473
2022-10-03,241072678
2022-10-04,235645240
2022-10-05,238861412
2022-10-06,234380660
2022-10-07,231148050
2022-10-08,233145514
2022-10-09,247788391
2022-10-10,244072934
2022-10-11,241134336
2022-10-12,237292751
2022-10-13,255770615
2022-10-14,232123646
2022-10-15,232559793
2022-10-16,247999367
2022-10-17,243880702
2022-10-18,238447388
2022-10-19,235152275
2022-10-20,238668287
2022-10-21,236749410
2022-10-22,236786314
2022-10-23,252556947
2022-10-24,257843503
2022-10-25,254587040
2022-10-26,245538395
2022-10-27,239621327
2022-10-28,236387610
2022-10-29,235500604
2022-10-30,255228645
2022-10-31,249724330
2022-11-01,245902772
2022-11-02,241919365
2022-11-03,237694221
2022-11-04,238657372
2022-11-05,241714645
2022-11-06,261036112
2022-11-07,252142354
2022-11-08,248720444
2022-11-09,248716101
2022-11-10,244804858
2022-11-11,242995029
2022-11-12,246152354
2022-11-13,264302603
2022-11-14,251512293
2022-11-15,243755528
2022-11-16,244655824
2022-11-17,240734232
2022-11-18,235099496
2022-11-19,239677391
2022-11-20,267191591
2022-11-21,260461623
2022-11-22,251944756
2022-11-23,247519584
2022-11-24,248853736
2022-11-25,241838099
2022-11-26,255507702
2022-11-27,271216519
2022-11-28,259357164
2022-11-29,250390528
2022-11-30,249764126
2022-12-01,243717886
2022-12-02,227571715
2022-12-03,232566846
2022-12-04,245997616
2022-12-05,238926284
2022-12-06,239485799
2022-12-07,230673256
2022-12-08,231094010
2022-12-09,231238925
2022-12-10,238299494
2022-12-11,251307894
2022-12-12,242541637
2022-12-13,240335715
2022-12-14,236054398
2022-12-15,226406829
2022-12-16,220044804
2022-12-17,223450972
2022-12-18,254566361
2022-12-19,244449838
2022-12-20,232960361
2022-12-21,222939856
2022-12-22,219501722
2022-12-23,217933998
2022-12-24,218994313
2022-12-25,229589339
2022-12-26,239857708
2022-12-27,246863266
2022-12-28,242567122
2022-12-29,245258096
2022-12-30,245362734
2022-12-31,240231257
2023-01-01,253012409
2023-01-02,266175649
2023-01-03,257783581
2023-01-04,248114671
2023-01-05,245960267
2023-01-06,244571823
2023-01-07,250890372
2023-01-08,259362510
2023-01-09,252864806
2023-01-10,246933201
2023-01-11,251042474
2023-01-12,247501250
2023-01-13,257632388
2023-01-14,256085368
2023-01-15,273016495
2023-01-16,266937153
2023-01-17,257817691
2023-01-18,251631751
2023-01-19,251939552
2023-01-20,245907445
2023-01-21,251134361
2023-01-22,270650516
2023-01-23,258019863
2023-01-24,252297856
2023-01-25,251703870
2023-01-26,248837787
2023-01-27,243458275
2023-01-28,251950162
2023-01-29,277086141
2023-01-30,263077125
2023-01-31,252680346
2023-02-01,244721373
2023-02-02,240766001
2023-02-03,237189911
2023-02-04,242910026
2023-02-05,262322780
2023-02-06,261234860
2023-02-07,247784232
2023-02-08,242299656
2023-02-09,242677830
2023-02-10,240365120
2023-02-11,244647243
2023-02-12,264998566
2023-02-13,262124109
2023-02-14,240713977
2023-02-15,240973118
2023-02-16,243864828
2023-02-17,241070541
2023-02-18,249818010
2023-02-19,268110235
2023-02-20,258784999
2023-02-21,249574538
2023-02-22,243549004
2023-02-23,243786233
2023-02-24,239715598
2023-02-25,246258725
2023-02-26,263909643
2023-02-27,256822706
2023-02-28,245915107
2023-03-01,238415540
2023-03-02,238961650
2023-03-03,237236275
2023-03-04,244074406
2023-03-05,263666120
2023-03-06,254497744
2023-03-07,244956521
2023-03-08,244189746
2023-03-09,245495967
2023-03-10,242395922
2023-03-11,248402264
2023-03-12,268907640
2023-03-13,281445103
2023-03-14,260466842
2023-03-15,250964198
2023-03-16,246695446
2023-03-17,247076148
2023-03-18,252848735
2023-03-19,269439114
2023-03-20,261019192
2023-03-21,252495566
2023-03-22,249805384
2023-03-23,247742997
2023-03-24,245044381
2023-03-25,252602968
2023-03-26,266214173
2023-03-27,255924644
2023-03-28,248049352
2023-03-29,245735313
2023-03-30,241892291
2023-03-31,237033530
2023-04-01,242656071
2023-04-02,258668624
2023-04-03,252081660
2023-04-04,242688165
2023-04-05,230079568
2023-04-06,227836099
2023-04-07,233506684
2023-04-08,232757167
2023-04-09,246810750
2023-04-10,248124394
2023-04-11,238341377
2023-04-12,233766911
2023-04-13,231384614
2023-04-14,230792442
2023-04-15,231726175
2023-04-16,251304092
2023-04-17,239989221
2023-04-18,229662253
2023-04-19,235828717
2023-04-20,239960958
2023-04-21,235003691
2023-04-22,238861676
2023-04-23,260359640
2023-04-24,255875592
2023-04-25,248959676
2023-04-26,242835400
2023-04-27,244466083
2023-04-28,239231902
2023-04-29,239853461
2023-04-30,259644188
2023-05-01,258782515
2023-05-02,247367603
2023-05-03,243072217
2023-05-04,241379980
2023-05-05,243635106
2023-05-06,257231548
2023-05-07,266907125
2023-05-08,264427820
2023-05-09,252500555
2023-05-10,248179814
2023-05-11,246342628
2023-05-12,238834989
2023-05-13,249694960
2023-05-14,260005824
2023-05-15,254330034
2023-05-16,250294490
2023-05-17,249298135
2023-05-18,252116400
2023-05-19,248465519
2023-05-20,250212363
2023-05-21,261433932
2023-05-22,255537184
2023-05-23,249085719
2023-05-24,245458087
2023-05-25,240494486
2023-05-26,233666028
2023-05-27,235969960
2023-05-28,251510177
2023-05-29,258332177
2023-05-30,252255078
2023-05-31,246601860
2023-06-01,244001381
2023-06-02,235208632
2023-06-03,244635734
2023-06-04,258768419
2023-06-05,254386974
2023-06-06,246619425
2023-06-07,245219941
2023-06-08,240288573
2023-06-09,241991845
2023-06-10,247268299
2023-06-11,262931504
2023-06-12,259854882
2023-06-13,249157339
2023-06-14,247912590
2023-06-15,241815182
2023-06-16,237311830
2023-06-17,243322940
2023-06-18,259662488
2023-06-19,261386276
2023-06-20,251936176
2023-06-21,258489964
2023-06-22,245956339
2023-06-23,256654907
2023-06-24,253669993
2023-06-25,265594143
2023-06-26,253225427
2023-06-27,253256077
2023-06-28,245579978
2023-06-29,241671967
2023-06-30,235316229
2023-07-01,239683506
2023-07-02,254205218
2023-07-03,253031430
2023-07-04,251111709
2023-07-05,248257689
2023-07-06,242738832
2023-07-07,238898747
2023-07-08,247388885
2023-07-09,264635155
2023-07-10,261096576
2023-07-11,255097878
2023-07-12,252469961
2023-07-13,246717478
2023-07-14,246991018
2023-07-15,246003877
2023-07-16,276047710
2023-07-17,257427444
2023-07-18,246218721
2023-07-19,242565856
2023-07-20,244139790
2023-07-21,250189551
2023-07-22,257798471
2023-07-23,270504384
2023-07-24,268039408
2023-07-25,262573911
2023-07-26,261414246
2023-07-27,258977694
2023-07-28,250202225
2023-07-29,256360080
2023-07-30,266448443
2023-07-31,260729304
2023-08-01,257773424
2023-08-02,243873874
2023-08-03,242883673
2023-08-04,246674029
2023-08-05,244973721
2023-08-06,263644539
2023-08-07,256042103
2023-08-08,247279015
2023-08-09,244790566
2023-08-10,244361851
2023-08-11,241703864
2023-08-12,251040552
2023-08-13,264479876
2023-08-14,254209787
2023-08-15,258698809
2023-08-16,251273529
2023-08-17,248811353
2023-08-18,244955807
2023-08-19,243826322
2023-08-20,265354929
2023-08-21,262750747
2023-08-22,257281056
2023-08-23,257998926
2023-08-24,256301073
2023-08-25,247084885
2023-08-26,246959938
2023-08-27,260439800
2023-08-28,255307120
2023-08-29,249227902
2023-08-30,248152973
2023-08-31,241659432
2023-09-01,235984464
2023-09-02,245687750
2023-09-03,255200501
2023-09-04,258573766
2023-09-05,251389018
2023-09-06,242095912
2023-09-07,247866791
2023-09-08,248482794
2023-09-09,252754334
2023-09-10,267788695
2023-09-11,257445855
2023-09-12,245739190
2023-09-13,241604072
2023-09-14,240583444
2023-09-15,237360520
2023-09-16,239914903
2023-09-17,255719386
2023-09-18,250052211
2023-09-19,244526850
2023-09-20,242305220
2023-09-21,242032367
2023-09-22,240618472
2023-09-23,247174542
2023-09-24,258638416
2023-09-25,252344047
2023-09-26,247047219
2023-09-27,241417149
2023-09-28,243494059
2023-09-29,241922282
2023-09-30,242464650
2023-10-01,254758536
2023-10-02,251534407
2023-10-03,243945768
2023-10-04,261609395
2023-10-05,250791521
2023-10-06,243951150
2023-10-07,249132725
2023-10-08,263636319
2023-10-09,264074150
2023-10-10,257384560
2023-10-11,258211933
2023-10-12,254312250
2023-10-13,251806926
2023-10-14,255830064
2023-10-15,267720102
2023-10-16,261390122
2023-10-17,254706295
2023-10-18,256657696
2023-10-19,251955347
2023-10-20,247569127
2023-10-21,252975766
2023-10-22,262778776
2023-10-23,258421506
2023-10-24,253358449
2023-10-25,250022758
2023-10-26,250851996
2023-10-27,245911992
2023-10-28,244549733
2023-10-29,272021514
2023-10-30,259376893
2023-10-31,247340418
2023-11-01,247761352
2023-11-02,250148267
2023-11-03,243112692
2023-11-04,256448258
2023-11-05,268270626
2023-11-06,253493682
2023-11-07,246420546
2023-11-08,247684436
2023-11-09,249129863
2023-11-10,242159029
2023-11-11,247148921
2023-11-12,260751972
2023-11-13,260249121
2023-11-14,251032654
2023-11-15,250421021
2023-11-16,250759044
2023-11-17,244651568
2023-11-18,248373720
2023-11-19,283612978
2023-11-20,275090001
2023-11-21,254923871
2023-11-22,255839209
2023-11-23,246957980
2023-11-24,241389518
2023-11-25,249586958
2023-11-26,265679787
2023-11-27,256792113
2023-11-28,246915823
2023-11-29,244897623
2023-11-30,248840945
2023-12-01,238771756
2023-12-02,245868784
2023-12-03,268080410
2023-12-04,255839904
2023-12-05,247351445
2023-12-06,245488033
2023-12-07,243247335
2023-12-08,243405835
2023-12-09,248969371
2023-12-10,265409539
2023-12-11,257825539
2023-12-12,248062820
2023-12-13,247052034
2023-12-14,240220969
2023-12-15,234659307
2023-12-16,239333869
2023-12-17,256066764
2023-12-18,262605837
2023-12-19,243629895
2023-12-20,239833944
2023-12-21,244013696
2023-12-22,235273678
2023-12-23,242192080
2023-12-24,250960697
2023-12-25,255690273
2023-12-26,261044664
2023-12-27,267700131
2023-12-28,263504834
2023-12-29,259710595
2023-12-30,265849743
2023-12-31,263866662
2024-01-01,280418461
2024-01-02,280343474
2024-01-03,266664775
2024-01-04,268448368
2024-01-05,268552674
2024-01-06,276608561
2024-01-07,288590712
2024-01-08,280173967
2024-01-09,280573507
2024-01-10,278340571
2024-01-11,275243266
2024-01-12,274479563
2024-01-13,282997598
2024-01-14,299157608
2024-01-15,293333026
2024-01-16,288398011
2024-01-17,276705629
2024-01-18,276162882
2024-01-19,269737329
2024-01-20,279318186
2024-01-21,297716909
2024-01-22,283258871
2024-01-23,278511113
2024-01-24,274048431
2024-01-25,275680191
2024-01-26,273686436
2024-01-27,278036023
2024-01-28,303825234
2024-01-29,289563499
2024-01-30,275444414
2024-01-31,270736185
2024-02-01,259269780
2024-02-02,263404121
2024-02-03,268641826
2024-02-04,283074880
2024-02-05,282676179
2024-02-06,265019650
2024-02-07,258503343
2024-02-08,255018680
2024-02-09,250989039
2024-02-10,259209588
2024-02-11,280920339
2024-02-12,282519438
2024-02-13,258269531
2024-02-14,250797541
2024-02-15,248745808
2024-02-16,250474168
2024-02-17,259205069
2024-02-18,279614664
2024-02-19,274574921
2024-02-20,263967087
2024-02-21,255814039
2024-02-22,253197383
2024-02-23,247900840
2024-02-24,256267522
2024-02-25,274214192
2024-02-26,266194551
2024-02-27,259307705
2024-02-28,259147831
2024-02-29,254557255
2024-03-01,249626434
2024-03-02,260063069
2024-03-03,274349910
2024-03-04,265493831
2024-03-05,258110114
2024-03-06,257068630
2024-03-07,252764390
2024-03-08,255235053
2024-03-09,258898340
2024-03-10,280895412
2024-03-11,284384778
2024-03-12,264889893
2024-03-13,261341283
2024-03-14,256962977
2024-03-15,250611343
2024-03-16,253657953
2024-03-17,270620843
2024-03-18,263322788
2024-03-19,259295087
2024-03-20,253987709
2024-03-21,251634400
2024-03-22,250022942
2024-03-23,260014969
2024-03-24,276538749
2024-03-25,262730970
2024-03-26,257574406
2024-03-27,255399671
2024-03-28,264088398
2024-03-29,256160348
2024-03-30,252261108
2024-03-31,264430767
2024-04-01,261673999
2024-04-02,256295594
2024-04-03,254635217
2024-04-04,256490805
2024-04-05,248261303
2024-04-06,251578294
2024-04-07,268855660
2024-04-08,263834588
2024-04-09,254280471
2024-04-10,249719977
2024-04-11,255766810
2024-04-12,250958459
2024-04-13,250907190
2024-04-14,269732649
2024-04-15,263174687
2024-04-16,252100100
2024-04-17,249159054
2024-04-18,251094606
2024-04-19,254567606
2024-04-20,254588548
2024-04-21,266001758
2024-04-22,263649969
2024-04-23,254862034
2024-04-24,249598054
2024-04-25,250559584
2024-04-26,249748675
2024-04-27,246939808
2024-04-28,263200018
2024-04-29,260606502
2024-04-30,251893459
2024-05-01,252535784
2024-05-02,249885698
2024-05-03,249498019
2024-05-04,254137096
2024-05-05,271041798
2024-05-06,269029371
2024-05-07,259420811
2024-05-08,253630878
2024-05-09,250519499
2024-05-10,235217005
2024-05-11,236888598
2024-05-12,250153171
2024-05-13,248967152
2024-05-14,240989688
2024-05-15,239429871
2024-05-16,239013348
2024-05-17,236074861
2024-05-18,239199660
2024-05-19,252571397
2024-05-20,259084594
2024-05-21,251699948
2024-05-22,238935656
2024-05-23,233984934
2024-05-24,231743424
2024-05-25,232821748
2024-05-26,250262921
2024-05-27,255880942
2024-05-28,246545857
2024-05-29,238565365
2024-05-30,235350054
2024-05-31,227510181
2024-06-01,233087769
2024-06-02,251112281
2024-06-03,248588980
2024-06-04,256855332
2024-06-05,246137899
2024-06-06,240686656
2024-06-07,236614849
2024-06-08,236417150
2024-06-09,255124612
2024-06-10,247169443
2024-06-11,241562617
2024-06-12,239659193
2024-06-13,227120980
2024-06-14,228314271
2024-06-15,232145712
2024-06-16,245204264
2024-06-17,241270377
2024-06-18,238157003
2024-06-19,239637454
2024-06-20,239190660
2024-06-21,232140210
2024-06-22,235124991
2024-06-23,247156043
2024-06-24,242366153
2024-06-25,235961907
2024-06-26,234782282
2024-06-27,234080543
2024-06-28,224640590
2024-06-29,236574442
2024-06-30,249328620
2024-07-01,244752383
2024-07-02,237219144
2024-07-03,236866993
2024-07-04,239707594
2024-07-05,254119215
2024-07-06,247416196
2024-07-07,260451320
2024-07-08,249202494
2024-07-09,245359111
2024-07-10,245172851
2024-07-11,240869559
2024-07-12,237498104
2024-07-13,241611278
2024-07-14,257167726
2024-07-15,257904344
2024-07-16,248704895
2024-07-17,239685162
2024-07-18,239168504
2024-07-19,231655008
2024-07-20,235775146
2024-07-21,252982820
2024-07-22,249339294
2024-07-23,240238667
2024-07-24,238832357
2024-07-25,238836706
2024-07-26,241826861
2024-07-27,250415405
2024-07-28,268935531
2024-07-29,255561718
2024-07-30,251608009
2024-07-31,247477641
2024-08-01,244964703
2024-08-02,244852002
2024-08-03,248663245
2024-08-04,264790532
2024-08-05,255721793
2024-08-06,255879995
2024-08-07,252339146
2024-08-08,249084599
2024-08-09,244404878
2024-08-10,248341398
2024-08-11,262476466
2024-08-12,247730125
2024-08-13,243469213
2024-08-14,237541448
2024-08-15,234530063
2024-08-16,231188435
2024-08-17,234354450
2024-08-18,253502218
2024-08-19,244750542
2024-08-20,239418347
2024-08-21,239824559
2024-08-22,237611805
2024-08-23,236472613
2024-08-24,237742950
2024-08-25,247552436
2024-08-26,246858295
2024-08-27,240436267
2024-08-28,236180219
2024-08-29,232540581
2024-08-30,236150498
2024-08-31,235993593
2024-09-01,245531512
2024-09-02,247361299
2024-09-03,240725900
2024-09-04,222292281
2024-09-05,232135537
2024-09-06,232440627
2024-09-07,239021856
2024-09-08,250599783
2024-09-09,241309965
2024-09-10,233808492
2024-09-11,225633301
2024-09-12,230491750
2024-09-13,228015683
2024-09-14,229333786
2024-09-15,244149528
2024-09-16,245160763
2024-09-17,235022385
2024-09-18,236394399
2024-09-19,234981850
2024-09-20,234891208
2024-09-21,238688578
2024-09-22,253287730
2024-09-23,247844752
2024-09-24,241558598
2024-09-25,240156389
2024-09-26,236544529
2024-09-27,238791401
2024-09-28,240296209
2024-09-29,252394150
2024-09-30,248881935
2024-10-01,240313951
2024-10-02,237157874
2024-10-03,232975973
2024-10-04,231779415
2024-10-05,235351836
2024-10-06,248920312
2024-10-07,244977883
2024-10-08,242051010
2024-10-09,241737100
2024-10-10,244769209
2024-10-11,234684189
2024-10-12,238527395
2024-10-13,252419340
2024-10-14,247542262
2024-10-15,239764249
2024-10-16,242923352
2024-10-17,239236786
2024-10-18,236018556
2024-10-19,239193444
2024-10-20,253106213
2024-10-21,247800803
2024-10-22,240197326
2024-10-23,239233311
2024-10-24,232060488
2024-10-25,233561965
2024-10-26,235195091
2024-10-27,245528520
2024-10-28,245354260
2024-10-29,239028168
2024-10-30,234225076
2024-10-31,227310644
2024-11-01,227987850
2024-11-02,237802781
2024-11-03,249263870
2024-11-04,249602024
2024-11-05,245173741
2024-11-06,269446057
2024-11-07,244693765
2024-11-08,240349500
2024-11-09,243102573
2024-11-10,256199097
2024-11-11,252546765
2024-11-12,249478373
2024-11-13,248079093
2024-11-14,243085046
2024-11-15,242477026
2024-11-16,248600873
2024-11-17,257001613
2024-11-18,255456544
2024-11-19,246291842
2024-11-20,242641840
2024-11-21,241163849
2024-11-22,240003078
2024-11-23,247145698
2024-11-24,256886949
2024-11-25,249214800
2024-11-26,238890987
2024-11-27,234615638
2024-11-28,229791409
2024-11-29,230936157
2024-11-30,240341643
2024-12-01,254974946
2024-12-02,242657709
2024-12-03,238579757
2024-12-04,233968225
2024-12-05,230675902
2024-12-06,229249725
2024-12-07,232237387
2024-12-08,256405800
2024-12-09,251890970
2024-12-10,236073410
2024-12-11,235541178
2024-12-12,232273411
2024-12-13,228480547
2024-12-14,230437614
2024-12-15,242869368
2024-12-16,240776533
2024-12-17,235664411
2024-12-18,234817059
2024-12-19,231935923
2024-12-20,223865800
2024-12-21,229836974
2024-12-22,238279794
2024-12-23,233873522
2024-12-24,235091565
2024-12-25,250332771
2024-12-26,250770903
2024-12-27,255332668
2024-12-28,257077120
2024-12-29,267092013
2024-12-30,265324740
2024-12-31,248761428
2025-01-01,259441873
2025-01-02,264270259
2025-01-03,260925111
2025-01-04,265954253
2025-01-05,279390256
2025-01-06,273175634
2025-01-07,260196691
2025-01-08,253326319
2025-01-09,254055939
2025-01-10,250257416
2025-01-11,256229220
2025-01-12,267927078
2025-01-13,260045762
2025-01-14,255644005
2025-01-15,252667581
2025-01-16,253622070
2025-01-17,252785708
2025-01-18,255768036
2025-01-19,273225813
2025-01-20,277160586
2025-01-21,264899156
2025-01-22,260207524
2025-01-23,269704572
2025-01-24,252322174
2025-01-25,257584935
2025-01-26,276309168
2025-01-27,266352001
2025-01-28,252957982
2025-01-29,250141718
2025-01-30,250012731
2025-01-31,248461757
2025-02-01,251724839
2025-02-02,263672803
2025-02-03,259127400
2025-02-04,247941683
2025-02-05,245209519
2025-02-06,247637967
2025-02-07,237983467
2025-02-08,248328114
2025-02-09,265758685
2025-02-10,264353165
2025-02-11,244029804
2025-02-12,242331293
2025-02-13,248892144
2025-02-14,244002799
2025-02-15,259454237
2025-02-16,280129075
2025-02-17,269509975
2025-02-18,255368837
2025-02-19,251102693
2025-02-20,250062024
2025-02-21,248742080
2025-02-22,252097161
2025-02-23,270284778
2025-02-24,261423231
2025-02-25,245381378
2025-02-26,245825056
2025-02-27,249317524
2025-02-28,236950003
2025-03-01,237861482
2025-03-02,264190977
2025-03-03,278938563
2025-03-04,255561906
2025-03-05,251344495
2025-03-06,246523571
2025-03-07,249511699
2025-03-08,252425048
2025-03-09,270221658
2025-03-10,261381469
2025-03-11,251063024
2025-03-12,247223776
2025-03-13,243587469
2025-03-14,245138649
2025-03-15,251778423
2025-03-16,265427626
2025-03-17,260684031
2025-03-18,250537660
2025-03-19,238897920
2025-03-20,246790077
2025-03-21,234725688
2025-03-22,241867699
2025-03-23,255687320
2025-03-24,249034582
2025-03-25,237939876
2025-03-26,236335136
2025-03-27,236829277
2025-03-28,233435170
2025-03-29,238726410
2025-03-30,254640823
2025-03-31,243404149
2025-04-01,231863272
2025-04-02,236436780
2025-04-03,223526549
2025-04-04,217963477
2025-04-05,226886994
2025-04-06,240218993
2025-04-07,233281464
2025-04-08,229708301
2025-04-09,222839368
2025-04-10,222707532
2025-04-11,221793618
2025-04-12,223744452
2025-04-13,245101691
2025-04-14,238300760
2025-04-15,230111041
2025-04-16,232237238
2025-04-17,224856059
2025-04-18,231023393
2025-04-19,229850262
2025-04-20,243209674
2025-04-21,258935572
2025-04-22,240895460
2025-04-23,233959311
2025-04-24,229430037
2025-04-25,230040393
2025-04-26,232219012
2025-04-27,243093593
2025-04-28,233675466
2025-04-29,233973832
2025-04-30,229291031
2025-05-01,218885286
2025-05-02,223235426
2025-05-03,226499430
2025-05-04,241162111
2025-05-05,239757129
2025-05-06,231999847
2025-05-07,235393423
2025-05-08,258067791
2025-05-09,238090859
2025-05-10,230847272
2025-05-11,242281224
2025-05-12,233546950
2025-05-13,228737115
2025-05-14,235680513
2025-05-15,223641264
2025-05-16,216983772
2025-05-17,223450983
2025-05-18,236179977
2025-05-19,231115843
2025-05-20,223347836
2025-05-21,221743436
2025-05-22,219198879
2025-05-23,217219111
2025-05-24,225540374
2025-05-25,239791742
2025-05-26,244551708
2025-05-27,234668404
2025-05-28,225447089
2025-05-29,226390647
2025-05-30,216954122
2025-05-31,223004264
2025-06-01,232301105
2025-06-02,224481179
2025-06-03,219850049
2025-06-04,216350027
2025-06-05,213635503
2025-06-06,210537205
2025-06-07,220848851
2025-06-08,242879733
2025-06-09,229901420
2025-06-10,218500523
2025-06-11,216983521
2025-06-12,217216563
2025-06-13,212469516
2025-06-14,217857747
2025-06-15,229106306
2025-06-16,222286125
2025-06-17,217364686
2025-06-18,219035689
2025-06-19,218953331
2025-06-20,214299885
2025-06-21,216187468
2025-06-22,234306582
2025-06-23,229099271
2025-06-24,217766945
2025-06-25,220745824
2025-06-26,220413728
2025-06-27,217041927
2025-06-28,218174566
2025-06-29,230073232
2025-06-30,218818466
2025-07-01,209384903
2025-07-02,209143799
2025-07-03,209560932
2025-07-04,208392554
2025-07-05,217678691
2025-07-06,232667638
2025-07-07,225097603
2025-07-08,220246114
2025-07-09,219979323
2025-07-10,218568300
2025-07-11,214616037
2025-07-12,218826109
2025-07-13,234947699
2025-07-14,224688729
2025-07-15,220177801
2025-07-16,213242126
2025-07-17,213167653
2025-07-18,214435521
2025-07-19,221723547
2025-07-20,237924382
2025-07-21,235879860
2025-07-22,236704249
2025-07-23,230412879
2025-07-24,235172496
2025-07-25,231542295
2025-07-26,235014371
2025-07-27,249660436
2025-07-28,239427280
2025-07-29,232983275
2025-07-30,230043224
2025-07-31,227111768
2025-08-01,220905274
2025-08-02,226182307
2025-08-03,241353429
2025-08-04,237787800
2025-08-05,229471558
2025-08-06,224465326
2025-08-07,225004922
2025-08-08,223632934
2025-08-09,225084123
2025-08-10,242021130
2025-08-11,234564392
2025-08-12,228203260
2025-08-13,223028482
2025-08-14,219746791
2025-08-15,222034335
2025-08-16,226962629
2025-08-17,240822882
2025-08-18,232345577
2025-08-19,226725155
2025-08-20,222102801
2025-08-21,224881379
2025-08-22,224260000
2025-08-23,224365515
2025-08-24,237831083
2025-08-25,231991343
2025-08-26,231000036
2025-08-27,230066380
2025-08-28,232030961
2025-08-29,224708522
2025-08-30,231570907
2025-08-31,247255541
2025-09-01,243336686
2025-09-02,241647660
2025-09-03,233290519
2025-09-04,229770540
2025-09-05,237414322
2025-09-06,240617391
2025-09-07,252648888
2025-09-08,234272527
2025-09-09,229390137
2025-09-10,242516463
2025-09-11,228561014
2025-09-12,223083843
2025-09-13,226127031
2025-09-14,241421919
2025-09-15,236011338
2025-09-16,232483924
2025-09-17,229353299
2025-09-18,220958131
2025-09-19,217722693
2025-09-20,222087098
2025-09-21,234316257
2025-09-22,227073623
2025-09-23,224563068
2025-09-24,218938933
2025-09-25,218116817
2025-09-26,218292861
2025-09-27,221820429
2025-09-28,234639557
2025-09-29,230869898
2025-09-30,224778978
2025-10-01,224009384
2025-10-02,236149968
2025-10-03,229648513
2025-10-04,236471196
2025-10-05,245971815
2025-10-06,234928328
2025-10-07,228773807
2025-10-08,226650411
2025-10-09,226000393
2025-10-10,225740822
2025-10-11,238645866
2025-10-12,248272195
2025-10-13,238610497
2025-10-14,231291312
2025-10-15,225877694
2025-10-16,221198853
2025-10-17,222315220
2025-10-18,223835259
2025-10-19,237440326
2025-10-20,231735584
2025-10-21,229698733
2025-10-22,227899226
2025-10-23,228340160
2025-10-24,223636849
2025-10-25,228378721
2025-10-26,241331739
2025-10-27,237563076
2025-10-28,232455270
2025-10-29,225944961
2025-10-30,224841786
2025-10-31,219545276
2025-11-01,224699388
2025-11-02,243326991
2025-11-03,235804960
2025-11-04,231504752
2025-11-05,243553905
2025-11-06,232548282
2025-11-07,231877204
2025-11-08,234195484
2025-11-09,245722025
2025-11-10,239564989
2025-11-11,234855095
2025-11-12,229416058
2025-11-13,229850321
2025-11-14,231788925
2025-11-15,230007750
2025-11-16,247430162
2025-11-17,238005229
2025-11-18,232001654
2025-11-19,226386528
2025-11-20,219483933
2025-11-21,219408983
2025-11-22,222897617
2025-11-23,232286680
2025-11-24,231131445
2025-11-25,224906123
2025-11-26,218655260
2025-11-27,214481647
2025-11-28,214603575
2025-11-29,224818508
2025-11-30,239649617
2025-12-01,226390946
